Año;Periodo;Agua embalsada
1988;Semana 1;23.337
1988;Semana 2;23.555
1988;Semana 3;24.334
1988;Semana 4;25.230
1988;Semana 5;27.549
1988;Semana 6;28.249
1988;Semana 7;28.313
1988;Semana 8;27.976
1988;Semana 9;27.578
1988;Semana 10;27.205
1988;Semana 11;27.200
1988;Semana 12;27.128
1988;Semana 13;26.945
1988;Semana 14;26.874
1988;Semana 15;27.256
1988;Semana 16;27.825
1988;Semana 17;28.582
1988;Semana 18;28.920
1988;Semana 19;29.374
1988;Semana 20;29.930
1988;Semana 21;30.154
1988;Semana 22;30.255
1988;Semana 23;30.046
1988;Semana 24;30.030
1988;Semana 25;30.441
1988;Semana 26;30.302
1988;Semana 27;30.363
1988;Semana 28;30.329
1988;Semana 29;29.672
1988;Semana 30;29.008
1988;Semana 31;28.129
1988;Semana 32;27.277
1988;Semana 33;26.460
1988;Semana 34;25.464
1988;Semana 35;24.615
1988;Semana 36;23.685
1988;Semana 37;22.823
1988;Semana 38;22.064
1988;Semana 39;21.410
1988;Semana 40;20.849
1988;Semana 41;20.286
1988;Semana 42;20.034
1988;Semana 43;19.990
1988;Semana 44;19.664
1988;Semana 45;19.353
1988;Semana 46;19.679
1988;Semana 47;19.506
1988;Semana 48;19.112
1988;Semana 49;19.016
1988;Semana 50;18.945
1988;Semana 51;18.810
1988;Semana 52;18.661
1989;Semana 1;18.512
1989;Semana 2;18.441
1989;Semana 3;18.427
1989;Semana 4;18.301
1989;Semana 5;18.210
1989;Semana 6;18.126
1989;Semana 7;18.198
1989;Semana 8;18.211
1989;Semana 9;18.470
1989;Semana 10;19.475
1989;Semana 11;19.902
1989;Semana 12;20.049
1989;Semana 13;20.114
1989;Semana 14;20.235
1989;Semana 15;20.826
1989;Semana 16;21.896
1989;Semana 17;22.509
1989;Semana 18;22.946
1989;Semana 19;23.222
1989;Semana 20;23.126
1989;Semana 21;22.923
1989;Semana 22;23.001
1989;Semana 23;23.416
1989;Semana 24;23.447
1989;Semana 25;23.238
1989;Semana 26;22.781
1989;Semana 27;22.134
1989;Semana 28;21.427
1989;Semana 29;20.709
1989;Semana 30;19.994
1989;Semana 31;19.279
1989;Semana 32;18.711
1989;Semana 33;18.266
1989;Semana 34;17.611
1989;Semana 35;17.225
1989;Semana 36;16.752
1989;Semana 37;16.596
1989;Semana 38;16.374
1989;Semana 39;16.147
1989;Semana 40;15.876
1989;Semana 41;15.585
1989;Semana 42;15.425
1989;Semana 43;15.306
1989;Semana 44;15.138
1989;Semana 45;15.005
1989;Semana 46;14.989
1989;Semana 47;15.739
1989;Semana 48;17.765
1989;Semana 49;18.865
1989;Semana 50;20.415
1989;Semana 51;23.671
1989;Semana 52;26.469
1990;Semana 1;27.503
1990;Semana 2;27.958
1990;Semana 3;27.701
1990;Semana 4;27.438
1990;Semana 5;27.531
1990;Semana 6;28.641
1990;Semana 7;28.542
1990;Semana 8;30.190
1990;Semana 9;29.878
1990;Semana 10;29.686
1990;Semana 11;29.440
1990;Semana 12;29.206
1990;Semana 13;28.978
1990;Semana 14;28.671
1990;Semana 15;28.813
1990;Semana 16;29.036
1990;Semana 17;29.285
1990;Semana 18;29.710
1990;Semana 19;29.648
1990;Semana 20;29.541
1990;Semana 21;29.427
1990;Semana 22;29.616
1990;Semana 23;29.393
1990;Semana 24;29.072
1990;Semana 25;28.906
1990;Semana 26;28.502
1990;Semana 27;27.952
1990;Semana 28;27.143
1990;Semana 29;26.300
1990;Semana 30;25.391
1990;Semana 31;24.633
1990;Semana 32;23.802
1990;Semana 33;23.114
1990;Semana 34;22.420
1990;Semana 35;21.824
1990;Semana 36;21.282
1990;Semana 37;20.715
1990;Semana 38;20.311
1990;Semana 39;19.990
1990;Semana 40;19.703
1990;Semana 41;19.525
1990;Semana 42;19.415
1990;Semana 43;19.583
1990;Semana 44;20.006
1990;Semana 45;20.410
1990;Semana 46;20.881
1990;Semana 47;20.916
1990;Semana 48;20.922
1990;Semana 49;20.923
1990;Semana 50;20.886
1990;Semana 51;21.079
1990;Semana 52;21.043
1991;Semana 1;21.394
1991;Semana 2;22.127
1991;Semana 3;23.171
1991;Semana 4;23.460
1991;Semana 5;23.423
1991;Semana 6;23.322
1991;Semana 7;23.567
1991;Semana 8;23.697
1991;Semana 9;24.075
1991;Semana 10;24.648
1991;Semana 11;27.968
1991;Semana 12;29.708
1991;Semana 13;30.180
1991;Semana 14;30.229
1991;Semana 15;30.098
1991;Semana 16;30.032
1991;Semana 17;30.504
1991;Semana 18;30.298
1991;Semana 19;30.172
1991;Semana 20;29.892
1991;Semana 21;29.671
1991;Semana 22;29.357
1991;Semana 23;29.081
1991;Semana 24;28.787
1991;Semana 25;28.491
1991;Semana 26;27.925
1991;Semana 27;27.203
1991;Semana 28;26.613
1991;Semana 29;25.715
1991;Semana 30;24.974
1991;Semana 31;24.077
1991;Semana 32;23.395
1991;Semana 33;22.699
1991;Semana 34;22.039
1991;Semana 35;21.371
1991;Semana 36;20.705
1991;Semana 37;20.221
1991;Semana 38;19.839
1991;Semana 39;19.366
1991;Semana 40;19.071
1991;Semana 41;18.894
1991;Semana 42;18.841
1991;Semana 43;18.783
1991;Semana 44;18.568
1991;Semana 45;18.646
1991;Semana 46;18.650
1991;Semana 47;19.050
1991;Semana 48;19.473
1991;Semana 49;19.685
1991;Semana 50;19.821
1991;Semana 51;19.628
1991;Semana 52;19.499
1991;Semana 53;19.479
1992;Semana 1;19.364
1992;Semana 2;19.477
1992;Semana 3;19.474
1992;Semana 4;19.486
1992;Semana 5;19.433
1992;Semana 6;19.378
1992;Semana 7;19.555
1992;Semana 8;19.543
1992;Semana 9;19.623
1992;Semana 10;19.693
1992;Semana 11;19.719
1992;Semana 12;19.630
1992;Semana 13;19.632
1992;Semana 14;20.688
1992;Semana 15;21.652
1992;Semana 16;22.170
1992;Semana 17;22.523
1992;Semana 18;22.599
1992;Semana 19;22.684
1992;Semana 20;22.504
1992;Semana 21;22.385
1992;Semana 22;22.443
1992;Semana 23;22.714
1992;Semana 24;22.894
1992;Semana 25;23.150
1992;Semana 26;23.351
1992;Semana 27;23.157
1992;Semana 28;22.742
1992;Semana 29;22.160
1992;Semana 30;21.562
1992;Semana 31;21.038
1992;Semana 32;20.544
1992;Semana 33;20.261
1992;Semana 34;19.718
1992;Semana 35;19.227
1992;Semana 36;18.956
1992;Semana 37;18.784
1992;Semana 38;18.381
1992;Semana 39;18.292
1992;Semana 40;18.371
1992;Semana 41;18.414
1992;Semana 42;18.640
1992;Semana 43;18.864
1992;Semana 44;19.102
1992;Semana 45;19.538
1992;Semana 46;19.491
1992;Semana 47;19.673
1992;Semana 48;19.581
1992;Semana 49;20.110
1992;Semana 50;20.806
1992;Semana 51;20.898
1992;Semana 52;20.730
1993;Semana 1;20.424
1993;Semana 2;20.526
1993;Semana 3;20.567
1993;Semana 4;20.429
1993;Semana 5;20.279
1993;Semana 6;20.245
1993;Semana 7;20.174
1993;Semana 8;20.202
1993;Semana 9;20.144
1993;Semana 10;19.981
1993;Semana 11;20.046
1993;Semana 12;20.319
1993;Semana 13;20.470
1993;Semana 14;20.513
1993;Semana 15;20.689
1993;Semana 16;20.639
1993;Semana 17;20.795
1993;Semana 18;21.434
1993;Semana 19;21.824
1993;Semana 20;22.231
1993;Semana 21;22.612
1993;Semana 22;23.527
1993;Semana 23;23.715
1993;Semana 24;23.936
1993;Semana 25;23.785
1993;Semana 26;23.658
1993;Semana 27;23.350
1993;Semana 28;22.782
1993;Semana 29;22.099
1993;Semana 30;21.455
1993;Semana 31;20.924
1993;Semana 32;20.024
1993;Semana 33;19.565
1993;Semana 34;18.873
1993;Semana 35;18.644
1993;Semana 36;18.168
1993;Semana 37;17.781
1993;Semana 38;17.535
1993;Semana 39;17.696
1993;Semana 40;17.708
1993;Semana 41;17.937
1993;Semana 42;20.406
1993;Semana 43;20.897
1993;Semana 44;21.103
1993;Semana 45;21.980
1993;Semana 46;22.116
1993;Semana 47;21.661
1993;Semana 48;21.140
1993;Semana 49;21.046
1993;Semana 50;21.021
1993;Semana 51;20.902
1993;Semana 52;21.211
1994;Semana 1;21.868
1994;Semana 2;23.051
1994;Semana 3;24.191
1994;Semana 4;24.178
1994;Semana 5;24.405
1994;Semana 6;24.456
1994;Semana 7;24.469
1994;Semana 8;24.351
1994;Semana 9;24.773
1994;Semana 10;25.396
1994;Semana 11;25.635
1994;Semana 12;25.604
1994;Semana 13;25.518
1994;Semana 14;25.556
1994;Semana 15;25.521
1994;Semana 16;25.161
1994;Semana 17;24.996
1994;Semana 18;24.921
1994;Semana 19;24.734
1994;Semana 20;24.755
1994;Semana 21;25.802
1994;Semana 22;26.671
1994;Semana 23;26.520
1994;Semana 24;26.183
1994;Semana 25;25.743
1994;Semana 26;25.061
1994;Semana 27;24.427
1994;Semana 28;23.734
1994;Semana 29;22.915
1994;Semana 30;22.251
1994;Semana 31;21.436
1994;Semana 32;20.739
1994;Semana 33;20.100
1994;Semana 34;19.478
1994;Semana 35;18.936
1994;Semana 36;18.398
1994;Semana 37;17.846
1994;Semana 38;17.455
1994;Semana 39;17.291
1994;Semana 40;17.226
1994;Semana 41;17.100
1994;Semana 42;17.294
1994;Semana 43;17.332
1994;Semana 44;17.421
1994;Semana 45;17.958
1994;Semana 46;18.671
1994;Semana 47;18.606
1994;Semana 48;18.459
1994;Semana 49;18.280
1994;Semana 50;18.297
1994;Semana 51;18.212
1994;Semana 52;18.232
1995;Semana 1;18.877
1995;Semana 2;19.381
1995;Semana 3;19.585
1995;Semana 4;19.863
1995;Semana 5;20.390
1995;Semana 6;20.520
1995;Semana 7;20.638
1995;Semana 8;21.764
1995;Semana 9;22.013
1995;Semana 10;22.216
1995;Semana 11;22.530
1995;Semana 12;22.495
1995;Semana 13;22.266
1995;Semana 14;21.991
1995;Semana 15;21.690
1995;Semana 16;21.326
1995;Semana 17;20.965
1995;Semana 18;20.755
1995;Semana 19;20.628
1995;Semana 20;20.467
1995;Semana 21;20.533
1995;Semana 22;20.334
1995;Semana 23;19.958
1995;Semana 24;19.670
1995;Semana 25;19.264
1995;Semana 26;18.829
1995;Semana 27;18.444
1995;Semana 28;18.056
1995;Semana 29;17.600
1995;Semana 30;17.000
1995;Semana 31;16.421
1995;Semana 32;15.855
1995;Semana 33;15.355
1995;Semana 34;14.944
1995;Semana 35;14.498
1995;Semana 36;14.327
1995;Semana 37;13.786
1995;Semana 38;13.553
1995;Semana 39;13.481
1995;Semana 40;13.350
1995;Semana 41;13.231
1995;Semana 42;13.040
1995;Semana 43;12.853
1995;Semana 44;12.817
1995;Semana 45;12.765
1995;Semana 46;12.929
1995;Semana 47;13.807
1995;Semana 48;14.357
1995;Semana 49;14.687
1995;Semana 50;15.165
1995;Semana 51;15.711
1995;Semana 52;17.855
1996;Semana 1;22.590
1996;Semana 2;25.339
1996;Semana 3;28.844
1996;Semana 4;30.115
1996;Semana 5;32.538
1996;Semana 6;33.750
1996;Semana 7;34.550
1996;Semana 8;34.534
1996;Semana 9;34.266
1996;Semana 10;34.387
1996;Semana 11;34.333
1996;Semana 12;34.283
1996;Semana 13;34.564
1996;Semana 14;35.268
1996;Semana 15;35.827
1996;Semana 16;35.815
1996;Semana 17;35.856
1996;Semana 18;36.153
1996;Semana 19;36.060
1996;Semana 20;36.644
1996;Semana 21;37.094
1996;Semana 22;37.209
1996;Semana 23;37.040
1996;Semana 24;36.695
1996;Semana 25;36.149
1996;Semana 26;35.706
1996;Semana 27;35.000
1996;Semana 28;34.322
1996;Semana 29;33.693
1996;Semana 30;32.789
1996;Semana 31;32.017
1996;Semana 32;31.514
1996;Semana 33;30.836
1996;Semana 34;30.263
1996;Semana 35;29.713
1996;Semana 36;29.228
1996;Semana 37;28.712
1996;Semana 38;27.921
1996;Semana 39;27.579
1996;Semana 40;27.232
1996;Semana 41;26.897
1996;Semana 42;26.658
1996;Semana 43;26.531
1996;Semana 44;26.209
1996;Semana 45;25.845
1996;Semana 46;25.460
1996;Semana 47;25.728
1996;Semana 48;26.437
1996;Semana 49;27.113
1996;Semana 50;27.312
1996;Semana 51;29.157
1996;Semana 52;30.942
1996;Semana 53;34.007
1997;Semana 2;34.853
1997;Semana 3;36.859
1997;Semana 4;37.818
1997;Semana 5;38.920
1997;Semana 6;38.845
1997;Semana 7;38.672
1997;Semana 8;38.858
1997;Semana 9;38.985
1997;Semana 10;39.062
1997;Semana 11;38.960
1997;Semana 12;38.846
1997;Semana 13;38.709
1997;Semana 14;38.473
1997;Semana 15;38.044
1997;Semana 16;37.714
1997;Semana 17;37.498
1997;Semana 18;37.458
1997;Semana 19;37.237
1997;Semana 20;36.987
1997;Semana 21;36.999
1997;Semana 22;36.923
1997;Semana 23;37.173
1997;Semana 24;37.637
1997;Semana 25;37.714
1997;Semana 26;37.384
1997;Semana 27;37.006
1997;Semana 28;36.716
1997;Semana 29;36.332
1997;Semana 30;35.790
1997;Semana 31;35.244
1997;Semana 32;34.465
1997;Semana 33;33.822
1997;Semana 34;33.250
1997;Semana 35;32.678
1997;Semana 36;32.192
1997;Semana 37;31.685
1997;Semana 38;30.990
1997;Semana 39;30.625
1997;Semana 40;30.323
1997;Semana 41;30.193
1997;Semana 42;30.027
1997;Semana 43;29.685
1997;Semana 44;29.672
1997;Semana 45;29.847
1997;Semana 46;31.908
1997;Semana 47;33.306
1997;Semana 48;33.824
1997;Semana 49;35.728
1997;Semana 50;36.094
1997;Semana 51;36.076
1997;Semana 52;39.591
1997;Semana 53;40.604
1998;Semana 1;40.881
1998;Semana 2;40.326
1998;Semana 3;40.212
1998;Semana 4;40.048
1998;Semana 5;40.113
1998;Semana 6;41.346
1998;Semana 7;40.603
1998;Semana 8;40.420
1998;Semana 9;40.338
1998;Semana 10;40.254
1998;Semana 11;40.201
1998;Semana 12;40.046
1998;Semana 13;39.786
1998;Semana 14;40.178
1998;Semana 15;40.574
1998;Semana 16;40.892
1998;Semana 17;41.356
1998;Semana 18;41.726
1998;Semana 19;41.724
1998;Semana 20;41.787
1998;Semana 21;41.757
1998;Semana 22;41.981
1998;Semana 23;42.346
1998;Semana 24;42.286
1998;Semana 25;41.694
1998;Semana 26;40.865
1998;Semana 27;40.063
1998;Semana 28;39.159
1998;Semana 29;38.239
1998;Semana 30;37.131
1998;Semana 31;36.066
1998;Semana 32;35.136
1998;Semana 33;34.269
1998;Semana 34;33.571
1998;Semana 35;32.684
1998;Semana 36;31.933
1998;Semana 37;31.250
1998;Semana 38;30.683
1998;Semana 39;30.697
1998;Semana 40;30.636
1998;Semana 41;30.513
1998;Semana 42;30.675
1998;Semana 43;30.405
1998;Semana 44;30.070
1998;Semana 45;29.962
1998;Semana 46;29.847
1998;Semana 47;29.563
1998;Semana 48;29.503
1998;Semana 49;29.490
1998;Semana 50;29.497
1998;Semana 51;29.471
1998;Semana 52;29.461
1999;Semana 1;29.769
1999;Semana 2;30.021
1999;Semana 3;30.221
1999;Semana 4;30.653
1999;Semana 5;30.924
1999;Semana 6;31.025
1999;Semana 7;31.074
1999;Semana 8;31.159
1999;Semana 9;31.745
1999;Semana 10;32.106
1999;Semana 11;32.544
1999;Semana 12;32.785
1999;Semana 13;32.818
1999;Semana 14;32.999
1999;Semana 15;32.947
1999;Semana 16;32.587
1999;Semana 17;32.586
1999;Semana 18;32.758
1999;Semana 19;33.215
1999;Semana 20;33.239
1999;Semana 21;33.647
1999;Semana 22;33.279
1999;Semana 23;32.781
1999;Semana 24;31.993
1999;Semana 25;31.462
1999;Semana 26;30.601
1999;Semana 27;29.688
1999;Semana 28;28.843
1999;Semana 29;28.074
1999;Semana 30;27.244
1999;Semana 31;26.525
1999;Semana 32;26.014
1999;Semana 33;25.395
1999;Semana 34;24.753
1999;Semana 35;24.104
1999;Semana 36;23.458
1999;Semana 37;23.258
1999;Semana 38;23.011
1999;Semana 39;23.451
1999;Semana 40;23.398
1999;Semana 41;23.194
1999;Semana 42;23.086
1999;Semana 43;24.972
1999;Semana 44;26.534
1999;Semana 45;26.893
1999;Semana 46;26.889
1999;Semana 47;27.023
1999;Semana 48;26.793
1999;Semana 49;26.610
1999;Semana 50;26.527
1999;Semana 51;27.021
1999;Semana 52;27.242
2000;Semana 1;27.726
2000;Semana 2;27.734
2000;Semana 3;27.643
2000;Semana 4;27.532
2000;Semana 5;27.346
2000;Semana 6;27.342
2000;Semana 7;27.455
2000;Semana 8;27.623
2000;Semana 9;27.681
2000;Semana 10;27.518
2000;Semana 11;27.351
2000;Semana 12;27.205
2000;Semana 13;26.976
2000;Semana 14;27.004
2000;Semana 15;27.617
2000;Semana 16;29.186
2000;Semana 17;31.384
2000;Semana 18;32.537
2000;Semana 19;33.375
2000;Semana 20;34.105
2000;Semana 21;34.631
2000;Semana 22;34.639
2000;Semana 23;34.499
2000;Semana 24;34.410
2000;Semana 25;34.071
2000;Semana 26;33.441
2000;Semana 27;32.655
2000;Semana 28;31.954
2000;Semana 29;31.220
2000;Semana 30;30.460
2000;Semana 31;29.634
2000;Semana 32;28.849
2000;Semana 33;28.075
2000;Semana 34;27.315
2000;Semana 35;26.555
2000;Semana 36;25.705
2000;Semana 37;24.778
2000;Semana 38;23.914
2000;Semana 39;23.336
2000;Semana 40;22.813
2000;Semana 41;22.349
2000;Semana 42;22.136
2000;Semana 43;22.083
2000;Semana 44;22.318
2000;Semana 45;22.708
2000;Semana 46;23.480
2000;Semana 47;23.719
2000;Semana 48;24.840
2000;Semana 49;26.084
2000;Semana 50;28.215
2000;Semana 51;28.600
2000;Semana 52;29.744
2001;Semana 1;32.330
2001;Semana 2;34.364
2001;Semana 3;35.812
2001;Semana 4;36.201
2001;Semana 5;37.435
2001;Semana 6;37.886
2001;Semana 7;38.677
2001;Semana 8;38.753
2001;Semana 9;38.441
2001;Semana 10;39.454
2001;Semana 11;41.558
2001;Semana 12;41.802
2001;Semana 13;42.037
2001;Semana 14;42.001
2001;Semana 15;41.851
2001;Semana 16;41.748
2001;Semana 17;41.327
2001;Semana 18;41.143
2001;Semana 19;41.216
2001;Semana 20;41.122
2001;Semana 21;41.266
2001;Semana 22;41.221
2001;Semana 23;40.753
2001;Semana 24;40.295
2001;Semana 25;39.854
2001;Semana 26;38.950
2001;Semana 27;38.056
2001;Semana 28;37.290
2001;Semana 29;36.647
2001;Semana 30;35.944
2001;Semana 31;35.166
2001;Semana 32;34.303
2001;Semana 33;33.423
2001;Semana 34;32.705
2001;Semana 35;31.715
2001;Semana 36;30.863
2001;Semana 37;30.248
2001;Semana 38;29.513
2001;Semana 39;29.091
2001;Semana 40;28.973
2001;Semana 41;28.741
2001;Semana 42;28.671
2001;Semana 43;28.922
2001;Semana 44;29.168
2001;Semana 45;28.849
2001;Semana 46;28.749
2001;Semana 47;28.599
2001;Semana 48;28.216
2001;Semana 49;27.995
2001;Semana 50;27.819
2001;Semana 51;27.467
2001;Semana 52;27.102
2002;Semana 1;27.156
2002;Semana 2;27.509
2002;Semana 3;27.580
2002;Semana 4;27.515
2002;Semana 5;28.046
2002;Semana 6;28.396
2002;Semana 7;28.989
2002;Semana 8;29.318
2002;Semana 9;29.466
2002;Semana 10;29.637
2002;Semana 11;29.606
2002;Semana 12;30.491
2002;Semana 13;31.540
2002;Semana 14;31.688
2002;Semana 15;31.803
2002;Semana 16;32.497
2002;Semana 17;32.876
2002;Semana 18;32.958
2002;Semana 19;32.935
2002;Semana 20;33.199
2002;Semana 21;33.477
2002;Semana 22;33.330
2002;Semana 23;32.964
2002;Semana 24;32.801
2002;Semana 25;32.511
2002;Semana 26;31.813
2002;Semana 27;31.140
2002;Semana 28;30.493
2002;Semana 29;29.846
2002;Semana 30;29.167
2002;Semana 31;28.458
2002;Semana 32;27.728
2002;Semana 33;27.018
2002;Semana 34;26.385
2002;Semana 35;25.832
2002;Semana 36;25.535
2002;Semana 37;25.129
2002;Semana 38;24.847
2002;Semana 39;24.941
2002;Semana 40;24.903
2002;Semana 41;24.815
2002;Semana 42;24.994
2002;Semana 43;25.187
2002;Semana 44;25.694
2002;Semana 45;25.783
2002;Semana 46;25.876
2002;Semana 47;26.466
2002;Semana 48;27.886
2002;Semana 49;29.071
2002;Semana 50;29.718
2002;Semana 51;30.308
2002;Semana 52;32.095
2002;Semana 53;33.746
2003;Semana 1;34.784
2003;Semana 2;35.461
2003;Semana 3;35.565
2003;Semana 4;37.081
2003;Semana 5;37.052
2003;Semana 6;36.944
2003;Semana 7;36.908
2003;Semana 8;37.282
2003;Semana 9;39.184
2003;Semana 10;39.591
2003;Semana 11;39.657
2003;Semana 12;39.716
2003;Semana 13;40.192
2003;Semana 14;40.570
2003;Semana 15;40.416
2003;Semana 16;41.115
2003;Semana 17;41.639
2003;Semana 18;41.740
2003;Semana 20;41.859
2003;Semana 22;41.080
2003;Semana 23;40.921
2003;Semana 24;40.419
2003;Semana 25;39.632
2003;Semana 26;38.830
2003;Semana 27;38.065
2003;Semana 28;37.181
2003;Semana 29;36.334
2003;Semana 30;35.403
2003;Semana 31;34.547
2003;Semana 32;33.623
2003;Semana 33;32.779
2003;Semana 34;32.026
2003;Semana 35;31.474
2003;Semana 36;31.170
2003;Semana 37;31.025
2003;Semana 38;30.470
2003;Semana 39;29.872
2003;Semana 40;29.983
2003;Semana 41;29.796
2003;Semana 42;29.848
2003;Semana 43;30.073
2003;Semana 44;31.514
2003;Semana 45;32.035
2003;Semana 46;32.789
2003;Semana 47;33.510
2003;Semana 48;34.308
2003;Semana 49;35.317
2003;Semana 50;36.225
2003;Semana 51;35.900
2003;Semana 52;35.651
2004;Semana 1;36.209
2004;Semana 2;36.196
2004;Semana 3;36.588
2004;Semana 4;36.786
2004;Semana 5;37.256
2004;Semana 6;37.245
2004;Semana 7;36.825
2004;Semana 8;36.476
2004;Semana 9;37.685
2004;Semana 10;37.974
2004;Semana 11;38.404
2004;Semana 12;38.859
2004;Semana 13;38.730
2004;Semana 14;39.604
2004;Semana 15;40.155
2004;Semana 16;40.238
2004;Semana 17;40.452
2004;Semana 18;40.549
2004;Semana 19;40.778
2004;Semana 20;40.889
2004;Semana 21;40.756
2004;Semana 22;40.915
2004;Semana 23;40.704
2004;Semana 24;40.458
2004;Semana 25;39.918
2004;Semana 26;39.279
2004;Semana 27;38.395
2004;Semana 28;37.652
2004;Semana 29;36.872
2004;Semana 30;36.023
2004;Semana 31;35.166
2004;Semana 32;34.453
2004;Semana 33;33.718
2004;Semana 34;33.103
2004;Semana 35;32.254
2004;Semana 36;31.552
2004;Semana 37;31.259
2004;Semana 38;30.811
2004;Semana 39;30.324
2004;Semana 40;29.797
2004;Semana 41;29.277
2004;Semana 42;28.999
2004;Semana 43;29.457
2004;Semana 44;30.209
2004;Semana 45;30.516
2004;Semana 46;30.637
2004;Semana 47;30.459
2004;Semana 48;30.070
2004;Semana 49;29.959
2004;Semana 50;29.960
2004;Semana 51;29.922
2004;Semana 52;30.061
2004;Semana 53;30.377
2005;Semana 1;30.377
2005;Semana 2;30.475
2005;Semana 3;30.471
2005;Semana 4;30.722
2005;Semana 5;30.731
2005;Semana 6;30.803
2005;Semana 7;30.787
2005;Semana 8;30.842
2005;Semana 9;30.755
2005;Semana 10;30.464
2005;Semana 11;30.361
2005;Semana 12;30.576
2005;Semana 13;31.056
2005;Semana 14;31.425
2005;Semana 15;31.765
2005;Semana 16;31.917
2005;Semana 17;32.191
2005;Semana 18;32.122
2005;Semana 19;31.926
2005;Semana 20;31.753
2005;Semana 21;31.843
2005;Semana 22;31.484
2005;Semana 23;31.016
2005;Semana 24;30.398
2005;Semana 25;29.786
2005;Semana 26;28.991
2005;Semana 27;28.303
2005;Semana 28;27.612
2005;Semana 29;26.791
2005;Semana 30;25.934
2005;Semana 31;25.168
2005;Semana 32;24.494
2005;Semana 33;23.866
2005;Semana 34;23.190
2005;Semana 35;22.657
2005;Semana 36;22.037
2005;Semana 37;21.735
2005;Semana 38;21.513
2005;Semana 39;21.238
2005;Semana 40;20.973
2005;Semana 41;20.756
2005;Semana 42;20.937
2005;Semana 43;21.100
2005;Semana 44;21.643
2005;Semana 45;22.222
2005;Semana 46;22.474
2005;Semana 47;23.008
2005;Semana 48;23.209
2005;Semana 49;23.706
2005;Semana 50;24.226
2005;Semana 51;24.265
2005;Semana 52;24.142
2006;Semana 1;24.364
2006;Semana 2;24.947
2006;Semana 3;25.129
2006;Semana 4;25.251
2006;Semana 5;25.370
2006;Semana 6;25.451
2006;Semana 7;25.548
2006;Semana 8;25.935
2006;Semana 9;26.322
2006;Semana 10;26.999
2006;Semana 11;27.948
2006;Semana 12;28.661
2006;Semana 13;30.284
2006;Semana 14;30.889
2006;Semana 15;30.990
2006;Semana 16;31.208
2006;Semana 17;31.391
2006;Semana 18;31.663
2006;Semana 19;31.559
2006;Semana 20;31.352
2006;Semana 21;31.012
2006;Semana 22;30.572
2006;Semana 23;30.103
2006;Semana 24;29.467
2006;Semana 25;28.985
2006;Semana 26;28.448
2006;Semana 27;27.925
2006;Semana 28;27.273
2006;Semana 29;26.462
2006;Semana 30;25.777
2006;Semana 31;24.901
2006;Semana 32;24.100
2006;Semana 33;23.362
2006;Semana 34;22.761
2006;Semana 35;22.170
2006;Semana 36;21.624
2006;Semana 37;21.049
2006;Semana 38;20.826
2006;Semana 39;20.860
2006;Semana 40;20.983
2006;Semana 41;20.955
2006;Semana 42;20.915
2006;Semana 43;21.765
2006;Semana 44;24.326
2006;Semana 45;25.276
2006;Semana 46;25.828
2006;Semana 47;26.641
2006;Semana 48;28.497
2006;Semana 49;29.623
2006;Semana 50;30.854
2006;Semana 51;30.968
2006;Semana 52;30.391
2007;Semana 1;30.089
2007;Semana 2;29.826
2007;Semana 3;29.735
2007;Semana 4;29.742
2007;Semana 5;29.819
2007;Semana 6;30.008
2007;Semana 7;30.871
2007;Semana 8;32.295
2007;Semana 9;32.846
2007;Semana 10;32.946
2007;Semana 11;32.881
2007;Semana 12;32.576
2007;Semana 13;32.333
2007;Semana 14;32.693
2007;Semana 15;33.027
2007;Semana 16;33.692
2007;Semana 17;33.936
2007;Semana 18;34.298
2007;Semana 19;34.852
2007;Semana 20;35.076
2007;Semana 21;35.031
2007;Semana 22;35.394
2007;Semana 23;35.395
2007;Semana 24;35.132
2007;Semana 25;35.013
2007;Semana 26;34.949
2007;Semana 27;34.374
2007;Semana 28;33.525
2007;Semana 29;32.539
2007;Semana 30;31.629
2007;Semana 31;30.676
2007;Semana 32;29.468
2007;Semana 33;28.586
2007;Semana 34;27.741
2007;Semana 35;27.060
2007;Semana 36;26.491
2007;Semana 37;25.839
2007;Semana 38;25.300
2007;Semana 39;24.885
2007;Semana 40;24.571
2007;Semana 41;24.641
2007;Semana 42;24.388
2007;Semana 43;23.847
2007;Semana 44;23.452
2007;Semana 45;23.113
2007;Semana 46;22.809
2007;Semana 47;22.562
2007;Semana 48;22.831
2007;Semana 49;22.693
2007;Semana 50;22.653
2007;Semana 51;22.481
2007;Semana 52;22.473
2008;Semana 1;22.466
2008;Semana 2;22.672
2008;Semana 3;22.975
2008;Semana 4;23.469
2008;Semana 5;23.656
2008;Semana 6;23.695
2008;Semana 7;23.891
2008;Semana 8;23.947
2008;Semana 9;24.134
2008;Semana 10;24.300
2008;Semana 11;24.433
2008;Semana 12;24.604
2008;Semana 13;24.684
2008;Semana 14;25.315
2008;Semana 15;25.838
2008;Semana 16;27.216
2008;Semana 17;28.639
2008;Semana 18;30.194
2008;Semana 19;30.411
2008;Semana 20;30.519
2008;Semana 21;31.111
2008;Semana 22;31.686
2008;Semana 23;32.187
2008;Semana 24;32.556
2008;Semana 25;32.686
2008;Semana 26;32.530
2008;Semana 27;32.092
2008;Semana 28;31.394
2008;Semana 29;30.696
2008;Semana 30;30.095
2008;Semana 31;29.293
2008;Semana 32;28.320
2008;Semana 33;27.579
2008;Semana 34;26.768
2008;Semana 35;26.101
2008;Semana 36;25.396
2008;Semana 37;24.767
2008;Semana 38;24.288
2008;Semana 39;23.866
2008;Semana 40;23.526
2008;Semana 41;23.175
2008;Semana 42;23.014
2008;Semana 43;22.923
2008;Semana 44;22.823
2008;Semana 45;23.262
2008;Semana 46;23.843
2008;Semana 47;23.807
2008;Semana 48;23.917
2008;Semana 49;24.185
2008;Semana 50;24.559
2008;Semana 51;25.350
2008;Semana 52;25.714
2008;Semana 53;25.903
2009;Semana 1;25.915
2009;Semana 2;26.120
2009;Semana 3;26.354
2009;Semana 4;27.633
2009;Semana 5;29.137
2009;Semana 6;30.698
2009;Semana 7;31.568
2009;Semana 8;31.762
2009;Semana 9;31.680
2009;Semana 10;32.207
2009;Semana 11;32.661
2009;Semana 12;32.802
2009;Semana 13;32.739
2009;Semana 14;32.680
2009;Semana 15;32.921
2009;Semana 16;33.390
2009;Semana 17;33.427
2009;Semana 18;33.410
2009;Semana 19;33.301
2009;Semana 20;33.362
2009;Semana 21;33.321
2009;Semana 22;33.106
2009;Semana 23;32.722
2009;Semana 24;32.503
2009;Semana 25;31.967
2009;Semana 26;31.399
2009;Semana 27;30.665
2009;Semana 28;29.983
2009;Semana 29;29.190
2009;Semana 30;28.411
2009;Semana 31;27.496
2009;Semana 32;26.794
2009;Semana 33;26.168
2009;Semana 34;25.437
2009;Semana 35;24.717
2009;Semana 36;24.129
2009;Semana 37;23.637
2009;Semana 38;23.413
2009;Semana 39;23.191
2009;Semana 40;22.949
2009;Semana 41;22.782
2009;Semana 42;22.547
2009;Semana 43;22.611
2009;Semana 44;22.498
2009;Semana 45;22.547
2009;Semana 46;23.065
2009;Semana 47;23.354
2009;Semana 48;23.312
2009;Semana 49;23.899
2009;Semana 50;24.287
2009;Semana 51;24.213
2009;Semana 52;27.662
2010;Semana 1;31.945
2010;Semana 2;34.376
2010;Semana 3;36.644
2010;Semana 4;37.532
2010;Semana 5;37.736
2010;Semana 6;37.928
2010;Semana 7;38.369
2010;Semana 8;39.954
2010;Semana 9;42.711
2010;Semana 10;44.052
2010;Semana 11;44.364
2010;Semana 12;44.507
2010;Semana 13;45.140
2010;Semana 14;45.572
2010;Semana 15;45.569
2010;Semana 16;45.650
2010;Semana 17;45.978
2010;Semana 18;46.198
2010;Semana 19;46.458
2010;Semana 20;46.684
2010;Semana 21;46.650
2010;Semana 22;46.541
2010;Semana 23;46.114
2010;Semana 24;46.262
2010;Semana 25;46.395
2010;Semana 26;46.024
2010;Semana 27;45.416
2010;Semana 28;44.658
2010;Semana 29;43.843
2010;Semana 30;43.036
2010;Semana 31;42.164
2010;Semana 32;41.350
2010;Semana 33;40.549
2010;Semana 34;39.767
2010;Semana 35;38.991
2010;Semana 36;38.318
2010;Semana 37;37.643
2010;Semana 38;37.193
2010;Semana 39;36.783
2010;Semana 40;36.473
2010;Semana 41;36.383
2010;Semana 42;36.404
2010;Semana 43;36.141
2010;Semana 44;36.108
2010;Semana 45;36.136
2010;Semana 46;36.490
2010;Semana 47;36.998
2010;Semana 48;37.167
2010;Semana 49;38.194
2010;Semana 50;40.222
2010;Semana 51;40.187
2010;Semana 52;41.160
2011;Semana 1;41.427
2011;Semana 2;42.987
2011;Semana 3;43.353
2011;Semana 4;43.076
2011;Semana 5;42.529
2011;Semana 6;42.302
2011;Semana 7;42.040
2011;Semana 8;43.016
2011;Semana 9;44.220
2011;Semana 10;44.313
2011;Semana 11;44.195
2011;Semana 12;45.158
2011;Semana 13;45.469
2011;Semana 14;45.724
2011;Semana 15;45.788
2011;Semana 16;45.541
2011;Semana 17;45.544
2011;Semana 18;45.710
2011;Semana 19;45.903
2011;Semana 20;45.914
2011;Semana 21;45.670
2011;Semana 22;45.294
2011;Semana 23;45.030
2011;Semana 24;44.926
2011;Semana 25;44.438
2011;Semana 26;43.702
2011;Semana 27;42.857
2011;Semana 28;42.075
2011;Semana 29;41.293
2011;Semana 30;40.446
2011;Semana 31;39.734
2011;Semana 32;38.950
2011;Semana 33;38.235
2011;Semana 34;37.352
2011;Semana 35;36.637
2011;Semana 36;36.088
2011;Semana 37;35.600
2011;Semana 38;35.073
2011;Semana 39;34.616
2011;Semana 40;34.172
2011;Semana 41;33.756
2011;Semana 42;33.328
2011;Semana 43;32.933
2011;Semana 44;33.032
2011;Semana 45;33.793
2011;Semana 46;34.210
2011;Semana 47;34.658
2011;Semana 48;34.781
2011;Semana 49;34.577
2011;Semana 50;34.367
2011;Semana 51;34.447
2011;Semana 52;34.533
2012;Semana 1;34.536
2012;Semana 2;34.588
2012;Semana 3;34.469
2012;Semana 4;34.396
2012;Semana 5;34.350
2012;Semana 6;34.330
2012;Semana 7;34.501
2012;Semana 8;34.705
2012;Semana 9;34.758
2012;Semana 10;34.764
2012;Semana 11;34.724
2012;Semana 12;34.525
2012;Semana 13;34.452
2012;Semana 14;34.304
2012;Semana 15;34.354
2012;Semana 16;34.458
2012;Semana 17;34.936
2012;Semana 18;35.470
2012;Semana 19;36.404
2012;Semana 20;37.131
2012;Semana 21;37.116
2012;Semana 22;37.083
2012;Semana 23;36.755
2012;Semana 24;36.303
2012;Semana 25;35.773
2012;Semana 26;35.056
2012;Semana 27;34.009
2012;Semana 28;33.259
2012;Semana 29;32.501
2012;Semana 30;31.597
2012;Semana 31;30.754
2012;Semana 32;29.892
2012;Semana 33;29.025
2012;Semana 34;28.184
2012;Semana 35;27.450
2012;Semana 36;26.797
2012;Semana 37;26.219
2012;Semana 38;25.682
2012;Semana 39;25.209
2012;Semana 40;25.176
2012;Semana 41;25.065
2012;Semana 42;24.777
2012;Semana 43;25.226
2012;Semana 44;25.836
2012;Semana 45;26.717
2012;Semana 46;27.960
2012;Semana 47;28.322
2012;Semana 48;28.666
2012;Semana 49;28.981
2012;Semana 50;29.272
2012;Semana 51;29.942
2012;Semana 52;30.783
2013;Semana 1;30.872
2013;Semana 2;30.969
2013;Semana 3;30.976
2013;Semana 4;32.588
2013;Semana 5;34.528
2013;Semana 6;35.774
2013;Semana 7;36.106
2013;Semana 8;36.520
2013;Semana 9;37.267
2013;Semana 10;37.497
2013;Semana 11;40.684
2013;Semana 12;42.371
2013;Semana 13;43.147
2013;Semana 14;45.327
2013;Semana 15;46.408
2013;Semana 16;46.796
2013;Semana 17;47.040
2013;Semana 18;47.117
2013;Semana 19;47.469
2013;Semana 20;47.392
2013;Semana 21;47.441
2013;Semana 22;47.444
2013;Semana 23;47.306
2013;Semana 24;47.091
2013;Semana 25;46.877
2013;Semana 26;46.585
2013;Semana 27;46.150
2013;Semana 28;45.462
2013;Semana 29;44.754
2013;Semana 30;44.195
2013;Semana 31;43.234
2013;Semana 32;42.405
2013;Semana 33;41.634
2013;Semana 34;40.853
2013;Semana 35;40.018
2013;Semana 36;39.383
2013;Semana 37;38.751
2013;Semana 38;38.075
2013;Semana 39;37.469
2013;Semana 40;36.879
2013;Semana 41;36.817
2013;Semana 42;36.581
2013;Semana 43;36.313
2013;Semana 44;36.782
2013;Semana 45;36.722
2013;Semana 46;36.988
2013;Semana 47;36.825
2013;Semana 48;36.761
2013;Semana 49;36.377
2013;Semana 50;36.003
2013;Semana 51;35.715
2013;Semana 52;35.531
2013;Semana 53;36.912
2014;Semana 1;39.002
2014;Semana 2;40.401
2014;Semana 3;41.092
2014;Semana 4;41.881
2014;Semana 5;42.521
2014;Semana 6;44.090
2014;Semana 7;45.614
2014;Semana 8;45.438
2014;Semana 9;45.663
2014;Semana 10;46.161
2014;Semana 11;45.803
2014;Semana 12;45.477
2014;Semana 13;45.287
2014;Semana 14;46.253
2014;Semana 15;46.518
2014;Semana 16;46.421
2014;Semana 17;46.380
2014;Semana 18;46.331
2014;Semana 19;46.057
2014;Semana 20;45.748
2014;Semana 21;45.715
2014;Semana 22;45.698
2014;Semana 23;45.431
2014;Semana 24;44.965
2014;Semana 25;44.404
2014;Semana 26;43.828
2014;Semana 27;43.409
2014;Semana 28;42.866
2014;Semana 29;41.933
2014;Semana 30;40.888
2014;Semana 31;39.966
2014;Semana 32;39.017
2014;Semana 33;38.248
2014;Semana 34;37.442
2014;Semana 35;36.562
2014;Semana 36;35.710
2014;Semana 37;35.173
2014;Semana 38;34.991
2014;Semana 39;34.804
2014;Semana 40;35.074
2014;Semana 41;35.252
2014;Semana 42;35.796
2014;Semana 43;35.643
2014;Semana 44;35.344
2014;Semana 45;35.494
2014;Semana 46;36.649
2014;Semana 47;37.086
2014;Semana 48;37.993
2014;Semana 49;38.605
2014;Semana 50;38.940
2014;Semana 51;39.214
2014;Semana 52;39.350
2015;Semana 1;39.507
2015;Semana 2;39.219
2015;Semana 3;39.275
2015;Semana 4;39.561
2015;Semana 5;40.425
2015;Semana 6;41.311
2015;Semana 7;41.368
2015;Semana 8;41.911
2015;Semana 9;42.414
2015;Semana 10;42.862
2015;Semana 11;42.526
2015;Semana 12;42.735
2015;Semana 13;43.397
2015;Semana 14;43.695
2015;Semana 15;43.624
2015;Semana 16;43.745
2015;Semana 17;43.808
2015;Semana 18;44.028
2015;Semana 19;44.192
2015;Semana 20;43.687
2015;Semana 21;43.130
2015;Semana 22;42.528
2015;Semana 23;41.745
2015;Semana 24;41.337
2015;Semana 25;41.112
2015;Semana 26;40.284
2015;Semana 27;39.284
2015;Semana 28;38.434
2015;Semana 29;37.255
2015;Semana 30;36.400
2015;Semana 31;35.641
2015;Semana 32;34.857
2015;Semana 33;34.122
2015;Semana 34;33.503
2015;Semana 35;32.929
2015;Semana 36;32.366
2015;Semana 37;31.941
2015;Semana 38;31.781
2015;Semana 39;31.336
2015;Semana 40;30.858
2015;Semana 41;30.809
2015;Semana 42;30.783
2015;Semana 43;30.759
2015;Semana 44;31.052
2015;Semana 45;31.718
2015;Semana 46;31.563
2015;Semana 47;31.295
2015;Semana 48;31.441
2015;Semana 49;31.319
2015;Semana 50;31.213
2015;Semana 51;31.167
2015;Semana 52;31.118
2015;Semana 53;31.450
2016;Semana 1;31.450
2016;Semana 2;33.504
2016;Semana 3;35.318
2016;Semana 4;35.519
2016;Semana 5;35.600
2016;Semana 6;35.497
2016;Semana 7;36.852
2016;Semana 8;37.478
2016;Semana 9;37.588
2016;Semana 10;37.924
2016;Semana 11;38.003
2016;Semana 12;37.897
2016;Semana 13;38.211
2016;Semana 14;38.697
2016;Semana 15;39.124
2016;Semana 16;39.709
2016;Semana 17;40.637
2016;Semana 18;40.628
2016;Semana 19;40.707
2016;Semana 20;42.188
2016;Semana 21;42.141
2016;Semana 22;41.931
2016;Semana 23;41.702
2016;Semana 24;41.238
2016;Semana 25;40.771
2016;Semana 26;40.143
2016;Semana 27;39.424
2016;Semana 28;38.628
2016;Semana 29;37.841
2016;Semana 30;36.831
2016;Semana 31;35.898
2016;Semana 32;34.778
2016;Semana 33;33.891
2016;Semana 34;33.242
2016;Semana 35;32.351
2016;Semana 36;31.252
2016;Semana 37;30.324
2016;Semana 38;29.745
2016;Semana 39;29.197
2016;Semana 40;28.749
2016;Semana 41;28.266
2016;Semana 42;27.736
2016;Semana 43;27.318
2016;Semana 44;27.141
2016;Semana 45;27.002
2016;Semana 46;27.009
2016;Semana 47;26.928
2016;Semana 48;28.167
2016;Semana 49;28.547
2016;Semana 50;28.685
2016;Semana 51;28.692
2016;Semana 52;28.599
2017;Semana 1;28.580
2017;Semana 2;28.432
2017;Semana 3;28.327
2017;Semana 4;28.373
2017;Semana 5;28.028
2017;Semana 6;29.147
2017;Semana 7;30.407
2017;Semana 8;32.044
2017;Semana 9;32.476
2017;Semana 10;32.740
2017;Semana 11;33.032
2017;Semana 12;33.174
2017;Semana 13;33.064
2017;Semana 14;33.303
2017;Semana 15;33.313
2017;Semana 16;33.082
2017;Semana 17;32.800
2017;Semana 18;32.521
2017;Semana 19;32.301
2017;Semana 20;32.422
2017;Semana 21;32.344
2017;Semana 22;32.000
2017;Semana 23;31.618
2017;Semana 24;31.309
2017;Semana 25;30.678
2017;Semana 26;29.928
2017;Semana 27;29.407
2017;Semana 28;28.792
2017;Semana 29;28.242
2017;Semana 30;27.485
2017;Semana 31;26.826
2017;Semana 32;26.004
2017;Semana 33;25.200
2017;Semana 34;24.607
2017;Semana 35;23.985
2017;Semana 36;23.522
2017;Semana 37;23.030
2017;Semana 38;22.531
2017;Semana 39;22.053
2017;Semana 40;21.786
2017;Semana 41;21.484
2017;Semana 42;21.227
2017;Semana 43;21.169
2017;Semana 44;21.024
2017;Semana 45;20.920
2017;Semana 46;20.873
2017;Semana 47;20.768
2017;Semana 48;20.575
2017;Semana 49;20.446
2017;Semana 50;20.475
2017;Semana 51;21.106
2017;Semana 52;21.391
2018;Semana 1;21.832
2018;Semana 2;22.632
2018;Semana 3;23.065
2018;Semana 4;23.254
2018;Semana 5;23.508
2018;Semana 6;23.618
2018;Semana 7;23.526
2018;Semana 8;24.077
2018;Semana 9;24.413
2018;Semana 10;26.307
2018;Semana 11;30.120
2018;Semana 12;33.729
2018;Semana 13;34.979
2018;Semana 14;35.781
2018;Semana 15;36.628
2018;Semana 16;38.461
2018;Semana 17;39.690
2018;Semana 18;39.850
2018;Semana 19;40.109
2018;Semana 20;40.221
2018;Semana 21;40.257
2018;Semana 22;40.287
2018;Semana 23;40.591
2018;Semana 24;40.846
2018;Semana 25;40.868
2018;Semana 26;40.328
2018;Semana 27;39.603
2018;Semana 28;38.935
2018;Semana 29;38.254
2018;Semana 30;37.501
2018;Semana 31;36.481
2018;Semana 32;35.574
2018;Semana 33;34.787
2018;Semana 34;34.051
2018;Semana 35;33.180
2018;Semana 36;32.279
2018;Semana 37;31.643
2018;Semana 38;31.006
2018;Semana 39;30.363
2018;Semana 40;29.794
2018;Semana 41;29.309
2018;Semana 42;29.001
2018;Semana 43;29.371
2018;Semana 44;29.186
2018;Semana 45;29.307
2018;Semana 46;29.885
2018;Semana 47;30.107
2018;Semana 48;30.367
2018;Semana 49;30.741
2018;Semana 50;30.755
2018;Semana 51;30.804
2018;Semana 52;31.040
2019;Semana 1;30.935
2019;Semana 2;30.739
2019;Semana 3;30.548
2019;Semana 4;30.261
2019;Semana 5;30.718
2019;Semana 6;31.982
2019;Semana 7;32.571
2019;Semana 8;32.801
2019;Semana 9;32.846
2019;Semana 10;32.554
2019;Semana 11;32.936
2019;Semana 12;32.845
2019;Semana 13;32.627
2019;Semana 14;32.407
2019;Semana 15;32.213
2019;Semana 16;32.389
2019;Semana 17;32.788
2019;Semana 18;33.614
2019;Semana 19;34.033
2019;Semana 20;34.043
2019;Semana 21;33.944
2019;Semana 22;33.852
2019;Semana 23;33.587
2019;Semana 24;33.271
2019;Semana 25;32.814
2019;Semana 26;32.241
2019;Semana 27;31.591
2019;Semana 28;30.745
2019;Semana 29;30.181
2019;Semana 30;29.342
2019;Semana 31;28.448
2019;Semana 32;27.716
2019;Semana 33;27.024
2019;Semana 34;26.232
2019;Semana 35;25.659
2019;Semana 36;24.991
2019;Semana 37;24.328
2019;Semana 38;23.798
2019;Semana 39;23.383
2019;Semana 40;23.038
2019;Semana 41;22.656
2019;Semana 42;22.344
2019;Semana 43;22.313
2019;Semana 44;22.605
2019;Semana 45;22.713
2019;Semana 46;23.243
2019;Semana 47;24.251
2019;Semana 48;25.104
2019;Semana 49;26.233
2019;Semana 50;26.463
2019;Semana 51;26.955
2019;Semana 52;30.972
2019;Semana 53;31.817
2020;Semana 1;31.740
2020;Semana 2;31.480
2020;Semana 3;31.384
2020;Semana 4;31.927
2020;Semana 5;32.760
2020;Semana 6;33.000
2020;Semana 7;32.916
2020;Semana 8;32.738
2020;Semana 9;32.551
2020;Semana 10;33.234
2020;Semana 11;33.296
2020;Semana 12;33.840
2020;Semana 13;33.868
2020;Semana 14;34.366
2020;Semana 15;34.877
2020;Semana 16;35.856
2020;Semana 17;36.396
2020;Semana 18;36.953
2020;Semana 19;36.945
2020;Semana 20;37.280
2020;Semana 21;37.361
2020;Semana 22;37.120
2020;Semana 23;36.806
2020;Semana 24;36.607
2020;Semana 25;36.192
2020;Semana 26;35.586
2020;Semana 27;34.896
2020;Semana 28;34.244
2020;Semana 29;33.493
2020;Semana 30;32.630
2020;Semana 31;31.591
2020;Semana 32;30.458
2020;Semana 33;30.002
2020;Semana 34;29.111
2020;Semana 35;28.283
2020;Semana 36;27.600
2020;Semana 37;26.892
2020;Semana 38;26.296
2020;Semana 39;25.868
2020;Semana 40;25.845
2020;Semana 41;25.632
2020;Semana 42;25.278
2020;Semana 43;25.935
2020;Semana 44;26.062
2020;Semana 45;26.395
2020;Semana 46;26.504
2020;Semana 47;26.405
2020;Semana 48;26.274
2020;Semana 49;26.235
2020;Semana 50;27.266
2020;Semana 51;28.078
2020;Semana 52;28.486
2020;Semana 53;28.692
2021;Semana 1;28.692
2021;Semana 2;28.381
2021;Semana 3;27.957
2021;Semana 4;29.160
2021;Semana 5;30.941
2021;Semana 6;32.482
2021;Semana 7;34.827
2021;Semana 8;35.592
2021;Semana 9;35.991
2021;Semana 10;36.018
2021;Semana 11;35.888
2021;Semana 12;35.877
2021;Semana 13;35.378
2021;Semana 14;35.248
2021;Semana 15;34.891
2021;Semana 16;34.458
2021;Semana 17;34.047
2021;Semana 18;34.036
2021;Semana 19;33.926
2021;Semana 20;34.075
2021;Semana 21;33.875
2021;Semana 22;33.363
2021;Semana 23;33.098
2021;Semana 24;32.611
2021;Semana 25;32.266
2021;Semana 26;31.851
2021;Semana 27;30.974
2021;Semana 28;29.857
2021;Semana 29;28.877
2021;Semana 30;27.958
2021;Semana 31;27.092
2021;Semana 32;26.289
2021;Semana 33;25.353
2021;Semana 34;24.571
2021;Semana 35;23.823
2021;Semana 36;23.332
2021;Semana 37;22.868
2021;Semana 38;22.646
2021;Semana 39;22.537
2021;Semana 40;22.422
2021;Semana 41;22.252
2021;Semana 42;22.015
2021;Semana 43;21.786
2021;Semana 44;21.897
2021;Semana 45;22.205
2021;Semana 46;22.108
2021;Semana 47;21.929
2021;Semana 48;21.999
2021;Semana 49;22.456
2021;Semana 50;23.482
2021;Semana 51;23.725
2021;Semana 52;23.960
2022;Semana 1;24.552
2022;Semana 2;24.911
2022;Semana 3;25.417
2022;Semana 4;25.335
2022;Semana 5;25.130
2022;Semana 6;25.042
2022;Semana 7;24.882
2022;Semana 8;24.868
2022;Semana 9;24.705
2022;Semana 10;24.619
2022;Semana 11;24.752
2022;Semana 12;25.214
2022;Semana 13;26.282
2022;Semana 14;26.620
2022;Semana 15;26.834
2022;Semana 16;27.244
2022;Semana 17;27.844
2022;Semana 18;28.379
2022;Semana 19;28.452
2022;Semana 20;28.301
2022;Semana 21;28.105
2022;Semana 22;27.814
2022;Semana 23;27.489
2022;Semana 24;27.040
2022;Semana 25;26.437
2022;Semana 26;25.968
2022;Semana 27;25.440
2022;Semana 28;24.917
2022;Semana 29;24.260
2022;Semana 30;23.521
2022;Semana 31;22.689
2022;Semana 32;21.996
2022;Semana 33;21.291
2022;Semana 34;20.702
2022;Semana 35;20.174
2022;Semana 36;19.671
2022;Semana 37;19.209
2022;Semana 38;18.810
2022;Semana 39;18.269
2022;Semana 40;17.944
2022;Semana 41;17.747
2022;Semana 42;17.599
2022;Semana 43;17.819
2022;Semana 44;18.038
2022;Semana 45;18.158
2022;Semana 46;18.249
2022;Semana 47;18.444
2022;Semana 48;19.241
2022;Semana 50;20.021
2022;Semana 51;23.552
2022;Semana 52;25.193
2023;Semana 1;25.977
2023;Semana 2;26.701
2023;Semana 3;27.190
2023;Semana 4;28.533
2023;Semana 5;28.775
2023;Semana 6;28.590
2023;Semana 7;28.401
2023;Semana 8;28.356
2023;Semana 9;28.455
2023;Semana 10;28.295
2023;Semana 11;28.295
2023;Semana 12;28.971
2023;Semana 13;29.012
2023;Semana 14;28.889
2023;Semana 15;28.665
2023;Semana 16;28.665
2023;Semana 17;28.074
2023;Semana 18;27.823
2023;Semana 19;27.417
2023;Semana 20;27.033
2023;Semana 21;26.726
2023;Semana 22;26.640
2023;Semana 23;26.588
;;
;;
;;
;;
;;
;;
;;
;;
;;
;;
;;
;;
