SPM00008359;1976-12-29;120;80;20;;
SPM00008359;1977-03-05;260;70;0;;
SPM00008359;1977-03-17;180;80;0;;
SPM00008359;1978-03-06;150;100;0;;
SPM00008359;1978-06-09;260;190;0;;
SPM00008359;1978-11-11;160;130;191;;
SPM00008359;1979-11-02;210;110;0;;
SPM00008359;1980-03-12;170;80;0;;
SPM00008359;1982-04-07;196;104;0;;
SPM00008359;2015-06-30;;214;0;;
SPM00008359;2015-07-02;341;246;0;;
SPM00008359;2015-07-03;325;234;0;;
SPM00008359;2015-07-04;327;218;0;;
SPM00008359;2015-07-05;335;218;0;;
SPM00008359;2015-07-06;348;222;;;
SPM00008359;2015-07-07;374;221;;;
SPM00008359;2015-07-08;330;236;;;
SPM00008359;2015-07-09;306;239;0;;
SPM00008359;2015-07-10;315;226;0;;
SPM00008359;2015-07-11;298;236;0;;
SPM00008359;2015-07-12;309;218;0;;
SPM00008359;2015-07-13;316;220;0;;
SPM00008359;2015-07-14;328;234;0;;
SPM00008359;2015-07-15;345;221;0;;
SPM00008359;2015-07-16;345;216;0;;
SPM00008359;2015-07-17;339;227;0;;
SPM00008359;2015-07-18;318;227;0;;
SPM00008359;2015-07-19;317;227;0;;
SPM00008359;2015-07-20;320;234;0;;
SPM00008359;2015-07-21;331;243;0;;
SPM00008359;2015-07-22;344;232;0;;
SPM00008359;2015-07-23;323;241;0;;
SPM00008359;2015-07-24;336;236;0;;
SPM00008359;2015-07-25;329;259;0;;
SPM00008359;2015-07-26;322;264;0;;
SPM00008359;2015-07-27;368;239;0;;
SPM00008359;2015-07-28;316;257;0;;
SPM00008359;2015-07-29;328;242;0;;
SPM00008359;2015-07-30;323;;0;;
SPM00008359;2015-07-31;298;;5;;
SPM00008359;2015-08-01;311;250;0;;
SPM00008359;2015-08-02;319;;0;;
SPM00008359;2015-08-03;338;234;0;;
SPM00008359;2015-08-04;317;243;0;;
SPM00008359;2015-08-05;317;247;0;;
SPM00008359;2015-08-06;321;267;0;;
SPM00008359;2015-08-07;332;267;0;;
SPM00008359;2015-08-08;322;259;0;;
SPM00008359;2015-08-09;305;246;0;;
SPM00008359;2015-08-10;330;251;10;;
SPM00008359;2015-08-11;317;266;0;;
SPM00008359;2015-08-12;323;252;0;;
SPM00008359;2015-08-13;382;246;0;;
SPM00008359;2015-08-14;316;236;0;;
SPM00008359;2015-08-15;297;;0;;
SPM00008359;2015-08-16;299;207;0;;
SPM00008359;2015-08-17;315;240;0;;
SPM00008359;2015-08-18;309;237;0;;
SPM00008359;2015-08-19;308;238;0;;
SPM00008359;2015-08-20;310;234;0;;
SPM00008359;2015-08-21;315;223;0;;
SPM00008359;2015-08-22;304;211;0;;
SPM00008359;2015-08-23;338;220;0;;
SPM00008359;2015-08-24;340;246;0;;
SPM00008359;2015-08-25;304;217;0;;
SPM00008359;2015-08-26;306;227;0;;
SPM00008359;2015-08-27;310;207;0;;
SPM00008359;2015-08-28;310;211;0;;
SPM00008359;2015-08-29;312;212;0;;
SPM00008359;2015-08-30;;;0;;
SPM00008359;2015-08-31;314;;0;;
SPM00008359;2015-09-01;310;230;15;;
SPM00008359;2015-09-02;302;229;0;;
SPM00008359;2015-09-03;318;217;0;;
SPM00008359;2015-09-04;286;;0;;
SPM00008359;2015-09-05;266;201;13;;
SPM00008359;2015-09-06;228;;102;;
SPM00008359;2015-09-07;240;193;66;;
SPM00008359;2015-09-08;265;;163;;
SPM00008359;2015-09-09;268;162;414;;
SPM00008359;2015-09-10;295;191;0;;
SPM00008359;2015-09-11;289;198;0;;
SPM00008359;2015-09-12;272;181;0;;
SPM00008359;2015-09-13;311;199;0;;
SPM00008359;2015-09-14;314;;0;;
SPM00008359;2015-09-15;301;188;0;;
SPM00008359;2015-09-16;309;189;0;;
SPM00008359;2015-09-17;303;;0;;
SPM00008359;2015-09-18;266;178;0;;
SPM00008359;2015-09-19;266;192;0;;
SPM00008359;2015-09-20;283;170;0;;
SPM00008359;2015-09-21;293;168;0;;
SPM00008359;2015-09-22;341;208;0;;
SPM00008359;2015-09-23;267;194;0;;
SPM00008359;2015-09-24;;189;0;;
SPM00008359;2015-09-25;270;159;0;;
SPM00008359;2015-09-26;264;165;0;;
SPM00008359;2015-09-27;259;;0;;
SPM00008359;2015-09-28;267;151;46;;
SPM00008359;2015-09-29;229;151;0;;
SPM00008359;2015-09-30;265;150;41;;
SPM00008359;2015-10-01;255;;0;;
SPM00008359;2015-10-02;261;157;0;;
SPM00008359;2015-10-03;264;168;0;;
SPM00008359;2015-10-04;297;;0;;
SPM00008359;2015-10-05;334;208;0;;
SPM00008359;2015-10-06;312;198;0;;
SPM00008359;2015-10-07;267;;0;;
SPM00008359;2015-10-08;226;;0;;
SPM00008359;2015-10-09;247;151;48;;
SPM00008359;2015-10-10;254;147;0;;
SPM00008359;2015-10-11;262;170;0;;
SPM00008359;2015-10-12;276;172;0;;
SPM00008359;2015-10-13;266;;0;;
SPM00008359;2015-10-14;251;;358;;
SPM00008359;2015-10-15;240;127;0;;
SPM00008359;2015-10-16;237;161;0;;
SPM00008359;2015-10-17;239;151;0;;
SPM00008359;2015-10-18;252;148;0;;
SPM00008359;2015-10-19;255;172;71;;
SPM00008359;2015-10-20;224;;0;;
SPM00008359;2015-10-21;201;;36;;
SPM00008359;2015-10-22;218;122;0;;
SPM00008359;2015-10-23;225;118;0;;
SPM00008359;2015-10-24;203;147;0;;
SPM00008359;2015-10-25;214;164;0;;
SPM00008359;2015-10-26;224;155;8;;
SPM00008359;2015-10-27;242;147;5;;
SPM00008359;2015-10-28;237;;0;;
SPM00008359;2015-10-29;262;;0;;
SPM00008359;2015-10-30;240;131;0;;
SPM00008359;2015-10-31;224;148;0;;
SPM00008359;2015-11-01;214;151;0;;
SPM00008359;2015-11-02;189;;246;;
SPM00008359;2015-11-03;227;112;224;;
SPM00008359;2015-11-04;245;119;0;;
SPM00008359;2015-11-05;263;;0;;
SPM00008359;2015-11-06;235;;0;;
SPM00008359;2015-11-07;235;128;0;;
SPM00008359;2015-11-08;227;131;0;;
SPM00008359;2015-11-09;231;116;0;;
SPM00008359;2015-11-10;234;;0;;
SPM00008359;2015-11-11;217;108;0;;
SPM00008359;2015-11-12;203;110;0;;
SPM00008359;2015-11-13;216;;0;;
SPM00008359;2015-11-14;208;;0;;
SPM00008359;2015-11-15;223;110;0;;
SPM00008359;2015-11-16;218;86;0;;
SPM00008359;2015-11-17;218;;0;;
SPM00008359;2015-11-18;218;;0;;
SPM00008359;2015-11-19;237;87;0;;
SPM00008359;2015-11-20;260;104;0;;
SPM00008359;2015-11-21;237;;0;;
SPM00008359;2015-11-22;174;;0;;
SPM00008359;2015-11-23;153;;0;;
SPM00008359;2015-11-24;170;28;0;;
SPM00008359;2015-11-25;208;62;0;;
SPM00008359;2015-11-26;221;;0;;
SPM00008359;2015-11-27;179;;0;;
SPM00008359;2015-11-28;209;71;0;;
SPM00008359;2015-11-29;194;72;0;;
SPM00008359;2015-11-30;200;;0;;
SPM00008359;2015-12-01;198;;0;;
SPM00008359;2015-12-02;196;;0;;
SPM00008359;2015-12-03;184;74;0;;
SPM00008359;2015-12-04;191;;0;;
SPM00008359;2015-12-05;190;67;0;;
SPM00008359;2015-12-06;198;;0;;
SPM00008359;2015-12-07;182;106;0;;
SPM00008359;2015-12-08;196;;0;;
SPM00008359;2015-12-09;187;89;0;;
SPM00008359;2015-12-10;179;91;0;;
SPM00008359;2015-12-11;178;105;0;;
SPM00008359;2015-12-12;176;99;0;;
SPM00008359;2015-12-13;195;;0;;
SPM00008359;2015-12-14;197;73;0;;
SPM00008359;2015-12-15;226;79;0;;
SPM00008359;2015-12-16;217;;0;;
SPM00008359;2015-12-17;222;;0;;
SPM00008359;2015-12-18;204;;0;;
SPM00008359;2015-12-19;221;;0;;
SPM00008359;2015-12-20;187;76;0;;
SPM00008359;2015-12-21;190;89;0;;
SPM00008359;2015-12-22;192;;0;;
SPM00008359;2015-12-23;172;;0;;
SPM00008359;2015-12-24;196;;0;;
SPM00008359;2015-12-25;184;85;0;;
SPM00008359;2015-12-26;;77;0;;
SPM00008359;2015-12-27;175;77;0;;
SPM00008359;2015-12-28;185;105;0;;
SPM00008359;2015-12-29;193;;0;;
SPM00008359;2015-12-30;206;80;0;;
SPM00008359;2015-12-31;229;105;0;;
SPM00008359;2016-01-01;192;;0;;
SPM00008359;2016-01-02;197;96;0;;
SPM00008359;2016-01-03;194;98;0;;
SPM00008359;2016-01-04;224;;0;;
SPM00008359;2016-01-05;182;;0;;
SPM00008359;2016-01-06;151;94;0;;
SPM00008359;2016-01-07;231;115;0;;
SPM00008359;2016-01-08;215;112;0;;
SPM00008359;2016-01-09;234;114;0;;
SPM00008359;2016-01-10;205;;0;;
SPM00008359;2016-01-11;206;110;0;;
SPM00008359;2016-01-12;178;;0;;
SPM00008359;2016-01-13;173;;0;;
SPM00008359;2016-01-14;197;;0;;
SPM00008359;2016-01-15;;;5;;
SPM00008359;2016-01-16;144;;74;;
SPM00008359;2016-01-17;150;;0;;
SPM00008359;2016-01-18;211;70;0;;
SPM00008359;2016-01-19;190;92;0;;
SPM00008359;2016-01-20;183;;0;;
SPM00008359;2016-01-21;191;;0;;
SPM00008359;2016-01-22;179;74;0;;
SPM00008359;2016-01-23;197;77;0;;
SPM00008359;2016-01-24;191;81;0;;
SPM00008359;2016-01-25;181;;0;;
SPM00008359;2016-01-26;163;97;0;;
SPM00008359;2016-01-27;174;;0;;
SPM00008359;2016-01-28;199;;0;;
SPM00008359;2016-01-29;171;101;0;;
SPM00008359;2016-01-30;200;;0;;
SPM00008359;2016-01-31;208;80;0;;
SPM00008359;2016-02-01;214;94;0;;
SPM00008359;2016-02-02;212;;0;;
SPM00008359;2016-02-03;182;87;0;;
SPM00008359;2016-02-04;141;;0;;
SPM00008359;2016-02-05;169;;0;;
SPM00008359;2016-02-06;180;76;0;;
SPM00008359;2016-02-07;174;90;0;;
SPM00008359;2016-02-08;208;;5;;
SPM00008359;2016-02-09;220;114;0;;
SPM00008359;2016-02-10;232;155;0;;
SPM00008359;2016-02-11;242;;0;;
SPM00008359;2016-02-12;237;132;0;;
SPM00008359;2016-02-13;259;;0;;
SPM00008359;2016-02-14;212;;0;;
SPM00008359;2016-02-15;168;;0;;
SPM00008359;2016-02-16;160;;;;
SPM00008359;2016-02-17;168;31;0;;
SPM00008359;2016-02-18;;74;0;;
SPM00008359;2016-02-19;159;107;0;;
SPM00008359;2016-02-20;158;;0;;
SPM00008359;2016-02-21;169;60;0;;
SPM00008359;2016-02-22;207;;0;;
SPM00008359;2016-02-23;226;;0;;
SPM00008359;2016-02-24;213;104;0;;
SPM00008359;2016-02-25;206;129;0;;
SPM00008359;2016-02-26;198;;0;;
SPM00008359;2016-02-27;;84;0;;
SPM00008359;2016-02-28;175;77;0;;
SPM00008359;2016-02-29;193;92;8;;
SPM00008359;2016-03-01;178;;0;;
SPM00008359;2016-03-02;259;85;0;;
SPM00008359;2016-03-03;227;;0;;
SPM00008359;2016-03-04;212;81;0;;
SPM00008359;2016-03-05;;113;0;;
SPM00008359;2016-03-06;191;89;0;;
SPM00008359;2016-03-07;129;;0;;
SPM00008359;2016-03-08;168;;13;;
SPM00008359;2016-03-09;174;56;0;;
SPM00008359;2016-03-10;164;;8;;
SPM00008359;2016-03-11;173;44;0;;
SPM00008359;2016-03-12;173;48;0;;
SPM00008359;2016-03-13;171;53;0;;
SPM00008359;2016-03-14;173;91;0;;
SPM00008359;2016-03-15;175;83;0;;
SPM00008359;2016-03-16;224;69;3;;
SPM00008359;2016-03-17;177;80;0;;
SPM00008359;2016-03-18;179;108;0;;
SPM00008359;2016-03-19;173;117;0;;
SPM00008359;2016-03-20;189;101;5;;
SPM00008359;2016-03-21;173;94;0;;
SPM00008359;2016-03-22;168;106;76;;
SPM00008359;2016-03-23;215;;0;;
SPM00008359;2016-03-24;206;75;0;;
SPM00008359;2016-03-25;275;83;0;;
SPM00008359;2016-03-26;222;125;0;;
SPM00008359;2016-03-27;247;150;0;;
SPM00008359;2016-03-28;258;151;0;;
SPM00008359;2016-03-29;257;121;0;;
SPM00008359;2016-03-30;239;98;0;;
SPM00008359;2016-03-31;;120;0;;
SPM00008359;2016-04-01;177;100;;;
SPM00008359;2016-04-02;199;70;0;;
SPM00008359;2016-04-03;205;98;0;;
SPM00008359;2016-04-04;205;110;0;;
SPM00008359;2016-04-05;188;111;119;;
SPM00008359;2016-04-06;222;115;5;;
SPM00008359;2016-04-07;221;122;0;;
SPM00008359;2016-04-08;172;;0;;
SPM00008359;2016-04-09;250;84;0;;
SPM00008359;2016-04-10;208;94;0;;
SPM00008359;2016-04-11;221;112;0;;
SPM00008359;2016-04-12;212;110;0;;
SPM00008359;2016-04-13;256;144;;;
SPM00008359;2016-04-14;235;120;0;;
SPM00008359;2016-04-15;233;116;0;;
SPM00008359;2016-04-16;265;131;0;;
SPM00008359;2016-04-17;262;159;0;;
SPM00008359;2016-04-18;229;153;0;;
SPM00008359;2016-04-19;216;140;0;;
SPM00008359;2016-04-20;231;;0;;
SPM00008359;2016-04-21;254;126;0;;
SPM00008359;2016-04-22;205;;0;;
SPM00008359;2016-04-23;254;124;0;;
SPM00008359;2016-04-24;230;;0;;
SPM00008359;2016-04-25;197;122;0;;
SPM00008359;2016-04-26;220;105;0;;
SPM00008359;2016-04-27;216;124;0;;
SPM00008359;2016-04-28;217;;;;
SPM00008359;2016-04-29;171;;10;;
SPM00008359;2016-04-30;218;134;10;;
SPM00008359;2016-05-01;216;115;0;;
SPM00008359;2016-05-02;211;84;0;;
SPM00008359;2016-05-03;243;90;0;;
SPM00008359;2016-05-04;;106;0;;
SPM00008359;2016-05-05;;124;0;;
SPM00008359;2016-05-06;217;102;10;;
SPM00008359;2016-05-07;218;121;0;;
SPM00008359;2016-05-08;202;151;0;;
SPM00008359;2016-05-09;227;;3;;
SPM00008359;2016-05-10;211;125;13;;
SPM00008359;2016-05-11;219;125;89;;
SPM00008359;2016-05-12;255;146;0;;
SPM00008359;2016-05-13;252;145;5;;
SPM00008359;2016-05-14;279;151;0;;
SPM00008359;2016-05-15;234;163;0;;
SPM00008359;2016-05-16;243;162;0;;
SPM00008359;2016-05-17;229;141;0;;
SPM00008359;2016-05-18;252;145;0;;
SPM00008359;2016-05-19;236;155;0;;
SPM00008359;2016-05-20;240;150;0;;
SPM00008359;2016-05-21;242;146;0;;
SPM00008359;2016-05-22;279;137;0;;
SPM00008359;2016-05-23;240;172;0;;
SPM00008359;2016-05-24;259;137;0;;
SPM00008359;2016-05-25;250;168;0;;
SPM00008359;2016-05-26;245;;0;;
SPM00008359;2016-05-27;240;161;0;;
SPM00008359;2016-05-28;306;174;0;;
SPM00008359;2016-05-29;291;176;0;;
SPM00008359;2016-05-30;298;181;0;;
SPM00008359;2016-05-31;244;171;0;;
SPM00008359;2016-06-01;255;148;0;;
SPM00008359;2016-06-02;267;166;0;;
SPM00008359;2016-06-03;263;164;0;;
SPM00008359;2016-06-04;257;166;0;;
SPM00008359;2016-06-05;270;178;0;;
SPM00008359;2016-06-06;273;165;0;;
SPM00008359;2016-06-07;268;191;0;;
SPM00008359;2016-06-08;300;181;0;;
SPM00008359;2016-06-09;294;192;0;;
SPM00008359;2016-06-10;286;201;0;;
SPM00008359;2016-06-11;295;218;0;;
SPM00008359;2016-06-12;276;210;0;;
SPM00008359;2016-06-13;352;195;0;;
SPM00008359;2016-06-14;;;0;;
SPM00008359;2016-06-15;315;217;0;;
SPM00008359;2016-06-16;288;;0;;
SPM00008359;2016-06-17;289;182;0;;
SPM00008359;2016-06-18;255;168;0;;
SPM00008359;2016-06-19;251;164;0;;
SPM00008359;2016-06-20;256;173;0;;
SPM00008359;2016-06-21;268;163;0;;
SPM00008359;2016-06-22;279;168;0;;
SPM00008359;2016-06-23;293;186;0;;
SPM00008359;2016-06-24;297;179;0;;
SPM00008359;2016-06-25;296;186;0;;
SPM00008359;2016-06-26;282;204;0;;
SPM00008359;2016-06-27;271;198;0;;
SPM00008359;2016-06-28;294;207;0;;
SPM00008359;2016-06-29;308;230;0;;
SPM00008359;2016-06-30;311;214;0;;
SPM00008359;2016-07-01;302;203;0;;
SPM00008359;2016-07-02;317;201;0;;
SPM00008359;2016-07-03;284;217;0;;
SPM00008359;2016-07-04;300;219;0;;
SPM00008359;2016-07-05;329;215;0;;
SPM00008359;2016-07-06;;220;0;;
SPM00008359;2016-07-17;286;;;;
SPM00008359;2016-07-18;281;185;0;;
SPM00008359;2016-07-19;293;198;0;;
SPM00008359;2016-07-20;307;215;0;;
SPM00008359;2016-07-21;312;220;0;;
SPM00008359;2016-07-22;318;218;0;;
SPM00008359;2016-07-23;301;223;0;;
SPM00008359;2016-07-24;308;209;0;;
SPM00008359;2016-07-25;322;211;0;;
SPM00008359;2016-07-26;328;207;0;;
SPM00008359;2016-07-27;319;216;0;;
SPM00008359;2016-07-28;316;215;0;;
SPM00008359;2016-07-29;327;214;0;;
SPM00008359;2016-07-30;329;220;0;;
SPM00008359;2016-07-31;388;230;0;;
SPM00008359;2016-08-01;292;;0;;
SPM00008359;2016-08-02;318;218;0;;
SPM00008359;2016-08-03;325;212;0;;
SPM00008359;2016-08-04;310;223;0;;
SPM00008359;2016-08-05;312;247;0;;
SPM00008359;2016-08-06;295;216;0;;
SPM00008359;2016-08-07;303;212;0;;
SPM00008359;2016-08-08;310;202;0;;
SPM00008359;2016-08-09;314;197;0;;
SPM00008359;2016-08-10;284;232;3;;
SPM00008359;2016-08-11;;210;0;;
SPM00008359;2016-08-12;285;207;0;;
SPM00008359;2016-08-13;284;183;0;;
SPM00008359;2016-08-14;298;196;0;;
SPM00008359;2016-08-15;289;189;0;;
SPM00008359;2016-08-16;293;;0;;
SPM00008359;2016-08-17;351;204;8;;
SPM00008359;2016-08-18;304;223;0;;
SPM00008359;2016-08-19;310;233;0;;
SPM00008359;2016-08-20;312;242;0;;
SPM00008359;2016-08-21;298;;0;;
SPM00008359;2016-08-22;296;207;0;;
SPM00008359;2016-08-23;301;197;0;;
SPM00008359;2016-08-24;314;191;0;;
SPM00008359;2016-08-25;306;190;0;;
SPM00008359;2016-08-26;301;204;0;;
SPM00008359;2016-08-27;301;199;0;;
SPM00008359;2016-08-28;312;218;0;;
SPM00008359;2016-08-29;315;232;0;;
SPM00008359;2016-08-30;299;236;0;;
SPM00008359;2016-08-31;294;220;0;;
SPM00008359;2016-09-01;295;210;0;;
SPM00008359;2016-09-02;296;205;5;;
SPM00008359;2016-09-03;340;191;0;;
SPM00008359;2016-09-04;364;213;0;;
SPM00008359;2016-09-05;372;225;0;;
SPM00008359;2016-09-06;320;231;0;;
SPM00008359;2016-09-07;335;212;0;;
SPM00008359;2016-09-08;307;209;0;;
SPM00008359;2016-09-09;301;219;0;;
SPM00008359;2016-09-10;295;209;0;;
SPM00008359;2016-09-11;305;226;0;;
SPM00008359;2016-09-12;301;207;0;;
SPM00008359;2016-09-13;293;201;0;;
SPM00008359;2016-09-14;283;;0;;
SPM00008359;2016-09-15;288;150;0;;
SPM00008359;2016-09-16;320;170;0;;
SPM00008359;2016-09-17;293;171;0;;
SPM00008359;2016-09-18;269;;0;;
SPM00008359;2016-09-19;285;168;0;;
SPM00008359;2016-09-20;278;202;0;;
SPM00008359;2016-09-21;280;176;3;;
SPM00008359;2016-09-22;284;178;0;;
SPM00008359;2016-09-23;286;168;0;;
SPM00008359;2016-09-24;279;179;0;;
SPM00008359;2016-09-25;278;203;0;;
SPM00008359;2016-09-26;274;211;0;;
SPM00008359;2016-09-27;;191;0;;
SPM00008359;2016-09-28;;179;20;;
SPM00008359;2016-09-29;;195;23;;
SPM00008359;2016-09-30;;170;0;;
SPM00008359;2016-10-01;;167;;;
SPM00008359;2016-10-02;;167;0;;
SPM00008359;2016-10-03;;161;0;;
SPM00008359;2016-10-04;;164;0;;
SPM00008359;2016-10-05;;184;0;;
SPM00008359;2016-10-06;;170;0;;
SPM00008359;2016-10-07;;184;0;;
SPM00008359;2016-10-08;;181;;;
SPM00008359;2016-10-09;;185;;;
SPM00008359;2016-10-10;;174;5;;
SPM00008359;2016-10-11;;170;0;;
SPM00008359;2016-10-12;;182;;;
SPM00008359;2016-10-14;;135;;;
SPM00008359;2016-10-15;;136;;;
SPM00008359;2016-10-16;;135;;;
SPM00008359;2016-10-17;;160;;;
SPM00008359;2016-10-18;;196;3;;
SPM00008359;2016-10-19;229;;104;;
SPM00008359;2016-10-20;;;5;;
SPM00008359;2016-10-21;;141;211;;
SPM00008359;2016-10-22;;;0;;
SPM00008359;2016-10-24;;178;0;;
SPM00008359;2016-10-25;;;3;;
SPM00008359;2016-10-26;;195;0;;
SPM00008359;2016-10-27;;;0;;
SPM00008359;2016-10-28;;;0;;
SPM00008359;2016-10-30;;114;;;
SPM00008359;2016-10-31;;;0;;
SPM00008359;2016-11-02;;140;0;;
SPM00008359;2016-11-03;;148;5;;
SPM00008359;2016-11-04;;158;0;;
SPM00008359;2016-11-06;;;3;;
SPM00008359;2016-11-07;;;0;;
SPM00008359;2016-11-08;;;3;;
SPM00008359;2016-11-09;;115;0;;
SPM00008359;2016-11-10;;;0;;
SPM00008359;2016-11-11;;81;0;;
SPM00008359;2016-11-12;;106;;;
SPM00008359;2016-11-13;;104;;;
SPM00008359;2016-11-14;;102;0;;
SPM00008359;2016-11-15;;125;5;;
SPM00008359;2016-11-16;;;0;;
SPM00008359;2016-11-17;;;0;;
SPM00008359;2016-11-18;;;0;;
SPM00008359;2016-11-20;;99;;;
SPM00008359;2016-11-21;;;0;;
SPM00008359;2016-11-22;;;15;;
SPM00008359;2016-11-23;;;89;;10
SPM00008359;2016-11-24;;65;71;;
SPM00008359;2016-11-25;;56;0;;
SPM00008359;2016-11-26;;106;;;
SPM00008359;2016-11-27;;108;;;
SPM00008359;2016-11-28;;;76;;10
SPM00008359;2016-11-29;;;0;;
SPM00008359;2016-11-30;;94;41;;
SPM00008359;2016-12-01;;;15;;
SPM00008359;2016-12-02;;97;3;;
SPM00008359;2016-12-03;;;0;;
SPM00008359;2016-12-04;;128;3;;
SPM00008359;2016-12-05;;149;107;;10
SPM00008359;2016-12-06;;;152;;
SPM00008359;2016-12-07;;86;0;;
SPM00008359;2016-12-08;;87;20;;
SPM00008359;2016-12-09;;;0;;
SPM00008359;2016-12-11;;89;;;
SPM00008359;2016-12-12;;;0;;
SPM00008359;2016-12-13;;74;0;;
SPM00008359;2016-12-14;;82;0;;
SPM00008359;2016-12-15;;90;0;;
SPM00008359;2016-12-16;;97;38;;
SPM00008359;2016-12-17;;106;157;;
SPM00008359;2016-12-18;;;226;;
SPM00008359;2016-12-19;;;318;;20
SPM00008359;2016-12-20;;;137;;
SPM00008359;2016-12-21;;82;0;;
SPM00008359;2016-12-22;;76;0;;
SPM00008359;2016-12-23;;;0;;
SPM00008359;2016-12-24;;60;;;
SPM00008359;2016-12-25;;64;;;
SPM00008359;2016-12-27;;;0;;
SPM00008359;2016-12-28;;68;0;;
SPM00008359;2016-12-29;;;3;;
SPM00008359;2016-12-30;;71;0;;
SPM00008359;2017-01-02;;;0;;
SPM00008359;2017-01-03;;39;0;;
SPM00008359;2017-01-04;;96;0;;
SPM00008359;2017-01-05;;;0;;
SPM00008359;2017-01-06;;67;;;
SPM00008359;2017-01-09;;29;0;;
SPM00008359;2017-01-10;;53;0;;
SPM00008359;2017-01-11;;;0;;
SPM00008359;2017-01-12;;64;0;;
SPM00008359;2017-01-13;;;0;;
SPM00008359;2017-01-16;;95;0;;
SPM00008359;2017-01-17;;;0;;
SPM00008359;2017-01-18;;6;5;;
SPM00008359;2017-01-19;;;112;;10
SPM00008359;2017-01-20;;71;589;;10
SPM00008359;2017-01-21;;80;33;;
SPM00008359;2017-01-22;;84;69;;
SPM00008359;2017-01-23;;77;3;;
SPM00008359;2017-01-24;;;0;;
SPM00008359;2017-01-25;;35;0;;
SPM00008359;2017-01-26;;;0;;
SPM00008359;2017-01-27;;95;3;;
SPM00008359;2017-01-28;;92;0;;
SPM00008359;2017-01-29;;73;;;
SPM00008359;2017-01-30;;90;0;;
SPM00008359;2017-01-31;;71;0;;
SPM00008359;2017-02-01;;63;0;;
SPM00008359;2017-02-02;;64;0;;
SPM00008359;2017-02-03;;82;0;;
SPM00008359;2017-02-07;;140;0;;
SPM00008359;2017-02-08;;;0;;
SPM00008359;2017-02-09;;70;0;;
SPM00008359;2017-02-10;;61;0;;
SPM00008359;2017-02-11;;102;;;
SPM00008359;2017-02-12;;123;;;
SPM00008359;2017-02-13;;;5;;
SPM00008359;2017-02-14;;72;33;;
SPM00008359;2017-02-15;;64;0;;
SPM00008359;2017-02-16;;69;0;;
SPM00008359;2017-02-17;;76;0;;
SPM00008359;2017-02-18;;65;;;
SPM00008359;2017-02-20;;80;0;;
SPM00008359;2017-02-21;;57;0;;
SPM00008359;2017-02-22;;79;0;;
SPM00008359;2017-02-23;;;15;;
SPM00008359;2017-02-24;;;13;;
SPM00008359;2017-02-25;;120;3;;
SPM00008359;2017-02-26;;;0;;
SPM00008359;2017-02-27;;95;0;;
SPM00008359;2017-02-28;;138;0;;
SPM00008359;2017-03-01;;;0;;
SPM00008359;2017-03-02;;;0;;
SPM00008359;2017-03-03;;91;0;;
SPM00008359;2017-03-04;;;23;;
SPM00008359;2017-03-05;;;5;;
SPM00008359;2017-03-06;;;0;;
SPM00008359;2017-03-07;;161;0;;
SPM00008359;2017-03-08;;;0;;
SPM00008359;2017-03-09;;105;0;;
SPM00008359;2017-03-10;;;0;;
SPM00008359;2017-03-13;;;287;;30
SPM00008359;2017-03-14;;112;1135;;71
SPM00008359;2017-03-15;;80;0;;
SPM00008359;2017-03-16;;68;0;;
SPM00008359;2017-03-17;;75;0;;
SPM00008359;2017-03-18;;66;;;
SPM00008359;2017-03-19;;82;;;
SPM00008359;2017-03-20;;113;0;;
SPM00008359;2017-03-21;;122;0;;
SPM00008359;2017-03-22;;;0;;
SPM00008359;2017-03-23;;;0;;
SPM00008359;2017-03-24;;;0;;
SPM00008359;2017-03-25;;55;;;
SPM00008359;2017-03-27;;105;0;;
SPM00008359;2017-03-28;;;0;;
SPM00008359;2017-03-29;;87;0;;
SPM00008359;2017-03-30;;92;0;;
SPM00008359;2017-03-31;;93;0;;
SPM00008359;2017-04-02;;102;;;
SPM00008359;2017-04-03;;82;0;;
SPM00008359;2017-04-04;;94;0;;
SPM00008359;2017-04-05;;88;0;;
SPM00008359;2017-04-06;;110;0;;
SPM00008359;2017-04-07;;82;0;;
SPM00008359;2017-04-08;;84;;;
SPM00008359;2017-04-09;;92;;;
SPM00008359;2017-04-10;;88;0;;
SPM00008359;2017-04-11;;90;0;;
SPM00008359;2017-04-12;;93;0;;
SPM00008359;2017-04-13;;125;0;;
SPM00008359;2017-04-14;;155;;;
SPM00008359;2017-04-15;;141;;;
SPM00008359;2017-04-16;;136;;;
SPM00008359;2017-04-17;;129;;;
SPM00008359;2017-04-18;;129;0;;
SPM00008359;2017-04-19;;;0;;
SPM00008359;2017-04-20;;;0;;
SPM00008359;2017-04-21;;89;0;;
SPM00008359;2017-04-22;;99;;;
SPM00008359;2017-04-23;;85;;;
SPM00008359;2017-04-24;;108;0;;
SPM00008359;2017-04-25;;133;0;;
SPM00008359;2017-04-26;;137;0;;
SPM00008359;2017-04-28;;106;43;;
SPM00008359;2017-04-29;;114;5;;
SPM00008359;2017-04-30;;137;0;;
SPM00008359;2017-05-02;;108;0;;
SPM00008359;2017-05-03;;110;0;;
SPM00008359;2017-05-04;;117;0;;
SPM00008359;2017-05-05;;152;0;;
SPM00008359;2017-05-07;;134;;;
SPM00008359;2017-05-08;;132;0;;
SPM00008359;2017-05-09;;144;0;;
SPM00008359;2017-05-10;;158;0;;
SPM00008359;2017-05-11;;156;0;;
SPM00008359;2017-05-12;;180;0;;
SPM00008359;2017-05-13;;162;;;
SPM00008359;2017-05-14;;178;;;
SPM00008359;2017-05-15;;150;0;;
SPM00008359;2017-05-16;;168;0;;
SPM00008359;2017-05-17;;146;0;;
SPM00008359;2017-05-18;;141;0;;
SPM00008359;2017-05-19;;169;0;;
SPM00008359;2017-05-20;;142;;;
SPM00008359;2017-05-22;;168;0;;
SPM00008359;2017-05-23;;;0;;
SPM00008359;2017-05-24;;155;0;;
SPM00008359;2017-05-25;;161;0;;
SPM00008359;2017-05-26;;176;0;;
SPM00008359;2017-05-27;;185;;;
SPM00008359;2017-05-28;;180;;;
SPM00008359;2017-05-29;;176;0;;
SPM00008359;2017-05-30;;178;0;;
SPM00008359;2017-05-31;;171;0;;
SPM00008359;2017-06-01;;177;0;;
SPM00008359;2017-06-02;;169;0;;
SPM00008359;2017-06-03;;179;;;
SPM00008359;2017-06-05;;180;0;;
SPM00008359;2017-06-06;;173;0;;
SPM00008359;2017-06-07;;187;0;;
SPM00008359;2017-06-08;;;0;;
SPM00008359;2017-06-09;;182;0;;
SPM00008359;2017-06-10;;185;;;
SPM00008359;2017-06-11;;171;;;
SPM00008359;2017-06-12;;186;0;;
SPM00008359;2017-06-13;;194;0;;
SPM00008359;2017-06-14;;200;0;;
SPM00008359;2017-06-15;;197;0;;
SPM00008359;2017-06-16;;216;0;;
SPM00008359;2017-06-17;;218;;;
SPM00008359;2017-06-18;;220;;;
SPM00008359;2017-06-19;;214;0;;
SPM00008359;2017-06-20;;200;0;;
SPM00008359;2017-06-21;;204;0;;
SPM00008359;2017-06-22;;208;0;;
SPM00008359;2017-06-23;;215;;;
SPM00008359;2017-06-24;;218;;;
SPM00008359;2017-06-25;;220;;;
SPM00008359;2017-06-26;;228;0;;
SPM00008359;2017-06-27;;224;0;;
SPM00008359;2017-06-28;;247;3;;
SPM00008359;2017-06-29;;;0;;
SPM00008359;2017-07-04;;181;0;;
SPM00008359;2017-07-05;;193;0;;
SPM00008359;2017-07-06;;226;;;
SPM00008359;2017-07-07;;;0;;
SPM00008359;2017-07-08;;224;43;;
SPM00008359;2017-07-09;;213;0;;
SPM00008359;2017-07-10;;223;0;;
SPM00008359;2017-07-11;;215;0;;
SPM00008359;2017-07-12;;223;0;;
SPM00008359;2017-07-13;;252;0;;
SPM00008359;2017-07-14;;;0;;
SPM00008359;2017-07-15;;221;;;
SPM00008359;2017-07-16;;211;;;
SPM00008359;2017-07-17;;203;0;;
SPM00008359;2017-07-18;;229;0;;
SPM00008359;2017-07-19;;237;0;;
SPM00008359;2017-07-20;;230;0;;
SPM00008359;2017-07-21;;241;0;;
SPM00008359;2017-07-23;;235;;;
SPM00008359;2017-07-25;;237;0;;
SPM00008359;2017-07-26;;221;0;;
SPM00008359;2017-07-27;;227;0;;
SPM00008359;2017-07-28;;218;0;;
SPM00008359;2017-07-29;;217;;;
SPM00008359;2017-07-30;;216;;;
SPM00008359;2017-07-31;;216;0;;
SPM00008359;2017-08-01;;244;0;;
SPM00008359;2017-08-02;;274;0;;
SPM00008359;2017-08-03;;246;0;;
SPM00008359;2017-08-04;;237;0;;
SPM00008359;2017-08-05;;239;;;
SPM00008359;2017-08-06;;239;;;
SPM00008359;2017-08-07;;239;0;;
SPM00008359;2017-08-08;;;0;;
SPM00008359;2017-08-09;;;0;;
SPM00008359;2017-08-10;;176;15;;
SPM00008359;2017-08-11;;180;66;;
SPM00008359;2017-08-12;;189;0;;
SPM00008359;2017-08-13;;199;;;
SPM00008359;2017-08-14;;201;0;;
SPM00008359;2017-08-15;;212;;;
SPM00008359;2017-08-16;;229;0;;
SPM00008359;2017-08-17;;237;0;;
SPM00008359;2017-08-18;;224;0;;
SPM00008359;2017-08-19;;237;;;
SPM00008359;2017-08-20;;230;;;
SPM00008359;2017-08-21;;219;0;;
SPM00008359;2017-08-22;;192;0;;
SPM00008359;2017-08-23;;183;0;;
SPM00008359;2017-08-24;;187;0;;
SPM00008359;2017-08-25;;214;0;;
SPM00008359;2017-08-26;;240;3;;
SPM00008359;2017-08-27;;230;0;;
SPM00008359;2017-08-30;;185;;;
SPM00008359;2017-08-31;;205;;;
SPM00008359;2017-09-01;;200;;;
SPM00008359;2017-09-03;;196;;;
SPM00008359;2017-09-04;;199;;;
SPM00008359;2017-09-05;;205;;;
SPM00008359;2017-09-06;;190;;;
SPM00008359;2017-09-07;;227;;;
SPM00008359;2017-09-11;;186;0;;
SPM00008359;2017-09-12;;200;33;;
SPM00008359;2017-09-13;;174;8;;
SPM00008359;2017-09-14;;168;0;;
SPM00008359;2017-09-15;;;0;;
SPM00008359;2017-09-16;;174;310;;
SPM00008359;2017-09-17;;169;0;;
SPM00008359;2017-09-18;;171;0;;
SPM00008359;2017-09-19;;171;0;;
SPM00008359;2017-09-20;;181;0;;
SPM00008359;2017-09-21;;158;0;;
SPM00008359;2017-09-22;;174;0;;
SPM00008359;2017-09-23;;165;;;
SPM00008359;2017-09-24;;162;;;
SPM00008359;2017-09-25;;165;0;;
SPM00008359;2017-09-26;;;0;;
SPM00008359;2017-09-27;;187;0;;
SPM00008359;2017-09-28;;176;0;;
SPM00008359;2017-09-29;;174;0;;
SPM00008359;2017-10-02;;177;0;;
SPM00008359;2017-10-03;;171;0;;
SPM00008359;2017-10-04;;177;0;;
SPM00008359;2017-10-05;;161;0;;
SPM00008359;2017-10-06;;159;0;;
SPM00008359;2017-10-09;;151;;;
SPM00008359;2017-10-10;;171;0;;
SPM00008359;2017-10-11;;157;0;;
SPM00008359;2017-10-12;;155;;;
SPM00008359;2017-10-13;;;0;;
SPM00008359;2017-10-14;;146;;;
SPM00008359;2017-10-15;;152;;;
SPM00008359;2017-10-16;;164;0;;
SPM00008359;2017-10-17;;150;0;;
SPM00008359;2017-10-18;;;0;;
SPM00008359;2017-10-19;;138;33;;
SPM00008359;2017-10-20;;;0;;
SPM00008359;2017-10-21;;141;;;
SPM00008359;2017-10-23;;149;0;;
SPM00008359;2017-10-24;;126;0;;
SPM00008359;2017-10-25;;122;0;;
SPM00008359;2017-10-26;;116;0;;
SPM00008359;2017-10-27;;109;0;;
SPM00008359;2017-10-28;;137;;;
SPM00008359;2017-10-30;;121;0;;
SPM00008359;2017-10-31;;136;0;;
SPM00008359;2017-11-01;;156;;;
SPM00008359;2017-11-02;228;135;0;;
SPM00008359;2017-11-03;;130;0;;
SPM00008359;2017-11-06;;;0;;
SPM00008359;2017-11-07;;;0;;
SPM00008359;2017-11-08;;88;0;;
SPM00008359;2017-11-09;;;25;;
SPM00008359;2017-11-10;;60;0;;
SPM00008359;2017-11-11;;82;;;
SPM00008359;2017-11-12;;100;;;
SPM00008359;2017-11-13;;;0;;
SPM00008359;2017-11-14;;68;0;;
SPM00008359;2017-11-15;;59;0;;
SPM00008359;2017-11-16;;56;0;;
SPM00008359;2017-11-17;;67;0;;
SPM00008359;2017-11-18;;66;;;
SPM00008359;2017-11-19;;69;;;
SPM00008359;2017-11-20;;65;0;;
SPM00008359;2017-11-21;;;0;;
SPM00008359;2017-11-22;;;0;;
SPM00008359;2017-11-23;;60;0;;
SPM00008359;2017-11-24;238;98;0;;
SPM00008359;2017-11-25;;97;;;
SPM00008359;2017-11-26;179;;;;
SPM00008359;2017-11-27;;70;0;;
SPM00008359;2017-11-28;;;0;;
SPM00008359;2017-11-29;;;23;;
SPM00008359;2017-11-30;;;23;;
SPM00008359;2017-12-01;;32;0;;
SPM00008359;2017-12-02;;46;;;
SPM00008359;2017-12-04;;;0;;
SPM00008359;2017-12-05;;9;0;;
SPM00008359;2017-12-06;;30;;;
SPM00008359;2017-12-07;;46;0;;
SPM00008359;2017-12-08;;44;;;
SPM00008359;2017-12-10;;105;;;
SPM00008359;2017-12-11;;;0;;
SPM00008359;2017-12-12;;;5;;
SPM00008359;2017-12-13;;;0;;
SPM00008359;2017-12-14;;86;0;;
SPM00008359;2017-12-15;;;0;;
SPM00008359;2017-12-16;;;3;;
SPM00008359;2017-12-17;;;0;;
SPM00008359;2017-12-18;;;0;;
SPM00008359;2017-12-19;;;5;;
SPM00008359;2017-12-20;;54;0;;
SPM00008359;2017-12-21;;;0;;
SPM00008359;2017-12-22;;47;0;;
SPM00008359;2017-12-23;;51;;;
SPM00008359;2017-12-25;;51;;;
SPM00008359;2017-12-26;;72;0;;
SPM00008359;2017-12-27;;105;0;;
SPM00008359;2017-12-28;;;0;;
SPM00008359;2017-12-29;;;0;;
SPM00008359;2017-12-31;;79;;;
SPM00008359;2018-01-02;;126;0;;
SPM00008359;2018-01-03;;;0;;
SPM00008359;2018-01-04;;135;0;;
SPM00008359;2018-01-05;;;0;;
SPM00008359;2018-01-06;;69;5;;
SPM00008359;2018-01-07;;;0;;
SPM00008359;2018-01-08;;36;0;;
SPM00008359;2018-01-09;;;0;;
SPM00008359;2018-01-10;;75;28;;
SPM00008359;2018-01-11;;;3;;
SPM00008359;2018-01-12;;;0;;
SPM00008359;2018-01-13;;45;;;
SPM00008359;2018-01-14;;58;;;
SPM00008359;2018-01-15;;;33;;
SPM00008359;2018-01-16;;62;0;;
SPM00008359;2018-01-17;;92;0;;
SPM00008359;2018-01-18;;;0;;
SPM00008359;2018-01-19;;;0;;
SPM00008359;2018-01-22;;;0;;
SPM00008359;2018-01-23;;;0;;
SPM00008359;2018-01-24;;;0;;
SPM00008359;2018-01-25;;69;0;;
SPM00008359;2018-01-26;;83;0;;
SPM00008359;2018-01-27;;82;;;
SPM00008359;2018-01-28;;87;577;;
SPM00008359;2018-01-29;;;41;;
SPM00008359;2018-01-30;;60;0;;
SPM00008359;2018-01-31;;;0;;
SPM00008359;2018-02-01;;;0;;
SPM00008359;2018-02-02;;;185;;20
SPM00008359;2018-02-03;;46;3;;
SPM00008359;2018-02-04;;;0;;
SPM00008359;2018-02-05;;;51;;10
SPM00008359;2018-02-06;;;3;;
SPM00008359;2018-02-07;;;0;;
SPM00008359;2018-02-08;;;0;;
SPM00008359;2018-02-09;;35;0;;
SPM00008359;2018-02-11;;30;;;
SPM00008359;2018-02-12;;;0;;
SPM00008359;2018-02-13;;;13;;
SPM00008359;2018-02-14;;114;0;;
SPM00008359;2018-02-15;;97;0;;
SPM00008359;2018-02-16;;86;0;;
SPM00008359;2018-02-17;187;77;;;
SPM00008359;2018-02-18;;;8;;
SPM00008359;2018-02-19;168;;0;;
SPM00008359;2018-02-20;;71;0;;
SPM00008359;2018-02-21;159;87;0;;
SPM00008359;2018-02-22;;43;0;;
SPM00008359;2018-02-23;135;;0;;
SPM00008359;2018-02-25;195;;;;
SPM00008359;2018-02-26;;63;0;;
SPM00008359;2018-02-27;;;0;;
SPM00008359;2018-02-28;;;13;;
SPM00008359;2018-03-01;;89;0;;
SPM00008359;2018-03-02;;;0;;
SPM00008359;2018-03-03;;82;15;;
SPM00008359;2018-03-04;;;41;;
SPM00008359;2018-03-05;164;101;15;;
SPM00008359;2018-03-06;;;5;;
SPM00008359;2018-03-07;;100;0;;
SPM00008359;2018-03-08;;;20;;
SPM00008359;2018-03-09;;112;8;;
SPM00008359;2018-03-10;;;0;;
SPM00008359;2018-03-11;;115;;;
SPM00008359;2018-03-12;;114;0;;
SPM00008359;2018-03-13;;116;0;;
SPM00008359;2018-03-14;;99;0;;
SPM00008359;2018-03-15;;;0;;
SPM00008359;2018-03-16;;;0;;
SPM00008359;2018-03-17;;91;;;
SPM00008359;2018-03-18;;95;5;;
SPM00008359;2018-03-19;;70;0;;
SPM00008359;2018-03-20;;79;38;;
SPM00008359;2018-03-21;;53;0;;
SPM00008359;2018-03-22;;50;;;
SPM00008359;2018-03-23;;71;;;
SPM00008359;2018-03-24;;89;25;;
SPM00008359;2018-03-25;;;0;;
SPM00008359;2018-03-26;;84;0;;
SPM00008359;2018-03-27;;91;0;;
SPM00008359;2018-03-28;;118;0;;
SPM00008359;2018-03-29;;;0;;
SPM00008359;2018-03-31;;101;;;
SPM00008359;2018-04-01;;89;;;
SPM00008359;2018-04-02;;96;;;
SPM00008359;2018-04-03;;107;0;;
SPM00008359;2018-04-04;;117;0;;
SPM00008359;2018-04-05;;120;0;;
SPM00008359;2018-04-06;;123;0;;
SPM00008359;2018-04-07;;127;;;
SPM00008359;2018-04-08;;107;;;
SPM00008359;2018-04-09;;93;0;;
SPM00008359;2018-04-10;;90;0;;
SPM00008359;2018-04-11;169;82;8;;
SPM00008359;2018-04-12;;118;3;;
SPM00008359;2018-04-13;;;0;;
SPM00008359;2018-04-14;;97;;;
SPM00008359;2018-04-15;;101;;;
SPM00008359;2018-04-16;;135;8;;
SPM00008359;2018-04-17;;110;0;;
SPM00008359;2018-04-18;;111;0;;
SPM00008359;2018-04-19;;116;0;;
SPM00008359;2018-04-20;;124;0;;
SPM00008359;2018-04-21;;130;;;
SPM00008359;2018-04-23;;160;0;;
SPM00008359;2018-04-24;;196;0;;
SPM00008359;2018-04-25;;;0;;
SPM00008359;2018-04-26;;;18;;
SPM00008359;2018-04-27;;133;0;;
SPM00008359;2018-04-28;;;66;;
SPM00008359;2018-04-29;;114;0;;
SPM00008359;2018-04-30;;103;0;;
SPM00008359;2018-05-01;;104;5;;
SPM00008359;2018-05-02;;86;0;;
SPM00008359;2018-05-03;;166;0;;
SPM00008359;2018-05-04;;149;0;;
SPM00008359;2018-05-05;;136;3;;
SPM00008359;2018-05-06;;129;0;;
SPM00008359;2018-05-07;;126;0;;
SPM00008359;2018-05-08;;146;0;;
SPM00008359;2018-05-09;;150;5;;
SPM00008359;2018-05-10;;;15;;
SPM00008359;2018-05-11;;154;3;;
SPM00008359;2018-05-12;;147;0;;
SPM00008359;2018-05-13;;;10;;
SPM00008359;2018-05-14;;122;0;;
SPM00008359;2018-05-15;;132;0;;
SPM00008359;2018-05-16;;120;0;;
SPM00008359;2018-05-17;;129;0;;
SPM00008359;2018-05-18;;130;0;;
SPM00008359;2018-05-19;;129;;;
SPM00008359;2018-05-21;;137;0;;
SPM00008359;2018-05-22;;144;0;;
SPM00008359;2018-05-23;;147;0;;
SPM00008359;2018-05-24;;183;;;
SPM00008359;2018-05-25;;;0;;
SPM00008359;2018-05-26;;170;;;
SPM00008359;2018-05-27;;171;;;
SPM00008359;2018-05-28;;170;0;;
SPM00008359;2018-05-29;;169;0;;
SPM00008359;2018-05-30;;157;0;;
SPM00008359;2018-05-31;;159;0;;
SPM00008359;2018-06-01;;162;0;;
SPM00008359;2018-06-02;;174;;;
SPM00008359;2018-06-03;;149;117;;
SPM00008359;2018-06-04;;167;0;;
SPM00008359;2018-06-05;;;0;;
SPM00008359;2018-06-06;;;0;;
SPM00008359;2018-06-07;;136;130;;
SPM00008359;2018-06-08;;168;0;;
SPM00008359;2018-06-09;;167;;;
SPM00008359;2018-06-10;;194;8;;
SPM00008359;2018-06-11;;189;3;;
SPM00008359;2018-06-12;;196;0;;
SPM00008359;2018-06-13;;201;0;;
SPM00008359;2018-06-14;;;0;;
SPM00008359;2018-06-15;;172;0;;
SPM00008359;2018-06-16;;185;;;
SPM00008359;2018-06-17;;185;;;
SPM00008359;2018-06-18;;186;0;;
SPM00008359;2018-06-19;;;0;;
SPM00008359;2018-06-20;;183;0;;
SPM00008359;2018-06-21;;187;;;
SPM00008359;2018-06-22;;195;0;;
SPM00008359;2018-06-23;;194;;;
SPM00008359;2018-06-24;;207;;;
SPM00008359;2018-06-25;;209;;;
SPM00008359;2018-06-26;;;0;;
SPM00008359;2018-06-27;;197;0;;
SPM00008359;2018-06-28;;209;0;;
SPM00008359;2018-06-29;;224;23;;
SPM00008359;2018-06-30;;196;0;;
SPM00008359;2018-07-01;;216;;;
SPM00008359;2018-07-02;343;211;0;;
SPM00008359;2018-07-03;;208;0;;
SPM00008359;2018-07-04;303;204;0;;
SPM00008359;2018-07-05;361;223;0;;
SPM00008359;2018-07-06;;207;0;;
SPM00008359;2018-07-07;;199;;;
SPM00008359;2018-07-08;;220;;;
SPM00008359;2018-07-09;;205;0;;
SPM00008359;2018-07-10;;202;0;;
SPM00008359;2018-07-11;;221;0;;
SPM00008359;2018-07-12;;221;0;;
SPM00008359;2018-07-13;;239;0;;
SPM00008359;2018-07-14;;229;;;
SPM00008359;2018-07-15;;221;;;
SPM00008359;2018-07-16;;245;0;;
SPM00008359;2018-07-17;;212;0;;
SPM00008359;2018-07-18;;223;0;;
SPM00008359;2018-07-19;;207;0;;
SPM00008359;2018-07-20;;229;0;;
SPM00008359;2018-07-22;;226;;;
SPM00008359;2018-07-23;;225;0;;
SPM00008359;2018-07-24;;209;0;;
SPM00008359;2018-07-25;;229;0;;
SPM00008359;2018-07-26;;222;0;;
SPM00008359;2018-07-27;;225;0;;
SPM00008359;2018-07-28;;206;;;
SPM00008359;2018-07-29;;224;;;
SPM00008359;2018-07-30;;237;0;;
SPM00008359;2018-07-31;;235;0;;
SPM00008359;2018-08-01;;204;0;;
SPM00008359;2018-08-02;;221;0;;
SPM00008359;2018-08-03;;232;0;;
SPM00008359;2018-08-04;;229;;;
SPM00008359;2018-08-05;;241;;;
SPM00008359;2018-08-06;;265;0;;
SPM00008359;2018-08-07;;235;0;;
SPM00008359;2018-08-08;;262;0;;
SPM00008359;2018-08-09;;235;0;;
SPM00008359;2018-08-10;;246;0;;
SPM00008359;2018-08-11;;252;;;
SPM00008359;2018-08-12;;229;;;
SPM00008359;2018-08-13;;244;0;;
SPM00008359;2018-08-14;;244;0;;
SPM00008359;2018-08-15;;245;;;
SPM00008359;2018-08-16;;;0;;
SPM00008359;2018-08-17;;207;102;;
SPM00008359;2018-08-18;;212;56;;
SPM00008359;2018-08-19;;213;0;;
SPM00008359;2018-08-20;;195;0;;
SPM00008359;2018-08-21;;;0;;
SPM00008359;2018-08-22;;206;0;;
SPM00008359;2018-08-23;;213;0;;
SPM00008359;2018-08-24;;210;0;;
SPM00008359;2018-08-26;;225;;;
SPM00008359;2018-08-27;;238;0;;
SPM00008359;2018-08-28;;224;0;;
SPM00008359;2018-08-29;;201;0;;
SPM00008359;2018-08-30;;223;0;;
SPM00008359;2018-08-31;;215;0;;
SPM00008359;2018-09-01;;219;;;
SPM00008359;2018-09-02;;210;;;
SPM00008359;2018-09-03;;235;0;;
SPM00008359;2018-09-04;;221;0;;
SPM00008359;2018-09-05;;222;0;;
SPM00008359;2018-09-06;;;0;;
SPM00008359;2018-09-07;;;0;;
SPM00008359;2018-09-08;;197;15;;
SPM00008359;2018-09-09;;211;30;;
SPM00008359;2018-09-10;;210;0;;
SPM00008359;2018-09-11;;217;0;;
SPM00008359;2018-09-12;;227;0;;
SPM00008359;2018-09-13;;212;0;;
SPM00008359;2018-09-14;;202;0;;
SPM00008359;2018-09-15;;205;104;;
SPM00008359;2018-09-16;;194;211;;
SPM00008359;2018-09-18;;;0;;
SPM00008359;2018-09-19;;203;0;;
SPM00008359;2018-09-20;290;204;0;;
SPM00008359;2018-09-21;;194;0;;
SPM00008359;2018-09-22;297;214;0;;
SPM00008359;2018-09-23;306;195;;;
SPM00008359;2018-09-24;;203;0;;
SPM00008359;2018-09-25;283;215;0;;
SPM00008359;2018-09-26;;212;5;;
SPM00008359;2018-09-27;264;200;0;;
SPM00008359;2018-09-28;;174;;;
SPM00008359;2018-09-29;269;154;;;
SPM00008359;2018-10-01;;164;0;;
SPM00008359;2018-10-02;248;149;;;
SPM00008359;2018-10-03;264;139;0;;
SPM00008359;2018-10-04;264;143;0;;
SPM00008359;2018-10-05;264;152;0;;
SPM00008359;2018-10-06;;164;;;
SPM00008359;2018-10-07;274;157;;;
SPM00008359;2018-10-08;;;0;;
SPM00008359;2018-10-09;;147;15;;
SPM00008359;2018-10-10;260;153;0;;
SPM00008359;2018-10-11;;163;0;;
SPM00008359;2018-10-12;285;171;0;;
SPM00008359;2018-10-14;247;160;;;
SPM00008359;2018-10-15;241;139;;;
SPM00008359;2018-10-16;;159;;;
SPM00008359;2018-10-17;;158;5;;
SPM00008359;2018-10-18;229;137;0;;
SPM00008359;2018-10-19;;;91;;
SPM00008359;2018-10-20;234;156;41;;
SPM00008359;2018-10-21;;;3;;
SPM00008359;2018-10-22;257;146;0;;
SPM00008359;2018-10-23;;147;0;;
SPM00008359;2018-10-24;;;0;;
SPM00008359;2018-10-25;;125;0;;
SPM00008359;2018-10-26;;;0;;
SPM00008359;2018-10-28;;97;140;;
SPM00008359;2018-10-29;;;0;;
SPM00008359;2018-10-30;;72;0;;
SPM00008359;2018-10-31;;;145;;10
SPM00008359;2018-11-01;;76;0;;
SPM00008359;2018-11-02;;105;0;;
SPM00008359;2018-11-05;;;0;;
SPM00008359;2018-11-06;;87;13;;
SPM00008359;2018-11-07;;78;0;;
SPM00008359;2018-11-08;;99;0;;
SPM00008359;2018-11-09;;;5;;
SPM00008359;2018-11-10;;;0;;
SPM00008359;2018-11-11;;119;;;
SPM00008359;2018-11-12;;;0;;
SPM00008359;2018-11-13;;124;0;;
SPM00008359;2018-11-14;;117;0;;
SPM00008359;2018-11-17;;130;;;
SPM00008359;2018-11-18;;129;;;
SPM00008359;2018-11-19;;;10;;
SPM00008359;2018-11-20;;112;64;;
SPM00008359;2018-11-21;;86;3;;
SPM00008359;2018-11-22;;90;0;;
SPM00008359;2018-11-25;;74;;;
SPM00008359;2018-11-26;;117;;;
SPM00008359;2018-11-27;;117;0;;
SPM00008359;2018-11-28;;;0;;
SPM00008359;2018-11-29;;46;0;;
SPM00008359;2018-11-30;;64;0;;
SPM00008359;2018-12-03;;;0;;
SPM00008359;2018-12-04;;;0;;
SPM00008359;2018-12-05;;77;0;;
SPM00008359;2018-12-07;;76;0;;
SPM00008359;2018-12-09;;76;;;
SPM00008359;2018-12-10;;79;0;;
SPM00008359;2018-12-12;;;0;;
SPM00008359;2018-12-13;;;0;;
SPM00008359;2018-12-14;;88;74;;
SPM00008359;2018-12-15;;75;0;;
SPM00008359;2018-12-17;;;0;;
SPM00008359;2018-12-18;;50;0;;
SPM00008359;2018-12-19;;73;0;;
SPM00008359;2018-12-20;;;0;;
SPM00008359;2018-12-21;;;0;;
SPM00008359;2018-12-24;;;0;;
SPM00008359;2018-12-25;;48;;;
SPM00008359;2018-12-26;;59;0;;
SPM00008359;2018-12-28;;72;0;;
SPM00008359;2018-12-31;;47;0;;
SPM00008359;2019-01-01;;43;;;
SPM00008359;2019-01-02;;45;0;;
SPM00008359;2019-01-03;;38;0;;
SPM00008359;2019-01-04;;;0;;
SPM00008359;2019-01-05;;37;;;
SPM00008359;2019-01-07;;27;0;;
SPM00008359;2019-01-08;;41;0;;
SPM00008359;2019-01-09;;45;0;;
SPM00008359;2019-01-10;;;0;;
SPM00008359;2019-01-11;;10;0;;
SPM00008359;2019-01-14;;39;0;;
SPM00008359;2019-01-15;;35;0;;
SPM00008359;2019-01-16;;;0;;
SPM00008359;2019-01-17;;;0;;
SPM00008359;2019-01-18;;;23;;
SPM00008359;2019-01-19;;60;0;;
SPM00008359;2019-01-20;;;15;;
SPM00008359;2019-01-21;;;3;;
SPM00008359;2019-01-22;;;0;;
SPM00008359;2019-01-23;;101;0;;
SPM00008359;2019-01-24;;;0;;
SPM00008359;2019-01-25;;112;0;;
SPM00008359;2019-01-26;;77;;;
SPM00008359;2019-01-27;;89;;;
SPM00008359;2019-01-28;;91;0;;
SPM00008359;2019-01-29;;;0;;
SPM00008359;2019-01-30;;;0;;
SPM00008359;2019-01-31;;115;0;;
SPM00008359;2019-02-01;;;0;;
SPM00008359;2019-02-02;;;5;;
SPM00008359;2019-02-03;;;0;;
SPM00008359;2019-02-04;;;0;;
SPM00008359;2019-02-05;;34;0;;
SPM00008359;2019-02-06;;59;0;;
SPM00008359;2019-02-07;;78;0;;
SPM00008359;2019-02-08;;;0;;
SPM00008359;2019-02-10;;60;;;
SPM00008359;2019-02-11;;;0;;
SPM00008359;2019-02-12;;;0;;
SPM00008359;2019-02-13;;;0;;
SPM00008359;2019-02-14;;;0;;
SPM00008359;2019-02-15;;;0;;
SPM00008359;2019-02-17;;48;;;
SPM00008359;2019-02-18;;;0;;
SPM00008359;2019-02-19;;45;0;;
SPM00008359;2019-02-20;;57;0;;
SPM00008359;2019-02-21;;54;0;;
SPM00008359;2019-02-22;;39;0;;
SPM00008359;2019-02-23;;57;;;
SPM00008359;2019-02-24;;59;;;
SPM00008359;2019-02-26;;;0;;
SPM00008359;2019-02-27;;;0;;
SPM00008359;2019-02-28;;;0;;
SPM00008359;2019-03-01;;;0;;
SPM00008359;2019-03-04;;93;0;;
SPM00008359;2019-03-05;;;0;;
SPM00008359;2019-03-06;;120;0;;
SPM00008359;2019-03-07;;;0;;
SPM00008359;2019-03-08;;71;0;;
SPM00008359;2019-03-09;;62;;;
SPM00008359;2019-03-11;;94;0;;
SPM00008359;2019-03-12;;73;0;;
SPM00008359;2019-03-13;203;;0;;
SPM00008359;2019-03-14;;66;0;;
SPM00008359;2019-03-15;;75;0;;
SPM00008359;2019-03-16;;77;;;
SPM00008359;2019-03-17;;87;;;
SPM00008359;2019-03-18;;;0;;
SPM00008359;2019-03-19;;82;0;;
SPM00008359;2019-03-21;179;66;0;;
SPM00008359;2019-03-22;;84;5;;
SPM00008359;2019-03-23;;;0;;
SPM00008359;2019-03-24;;75;;;
SPM00008359;2019-03-25;;73;0;;
SPM00008359;2019-03-26;;70;0;;
SPM00008359;2019-03-27;;;0;;
SPM00008359;2019-03-28;;55;0;;
SPM00008359;2019-03-29;;66;0;;
SPM00008359;2019-03-31;;107;38;;
SPM00008359;2019-04-01;;124;130;;
SPM00008359;2019-04-02;;121;0;;
SPM00008359;2019-04-03;;100;48;;10
SPM00008359;2019-04-04;;112;0;;
SPM00008359;2019-04-05;;;0;;
SPM00008359;2019-04-06;;;28;;
SPM00008359;2019-04-07;;92;8;;
SPM00008359;2019-04-08;;134;0;;
SPM00008359;2019-04-10;;116;;;
SPM00008359;2019-04-11;;102;;;
SPM00008359;2019-04-12;;96;;;
SPM00008359;2019-04-13;;81;;;
SPM00008359;2019-04-14;;117;;;
SPM00008359;2019-04-16;;124;0;;
SPM00008359;2019-04-17;;111;0;;
SPM00008359;2019-04-18;;;0;;
SPM00008359;2019-04-19;;;76;;
SPM00008359;2019-04-20;;124;465;;41
SPM00008359;2019-04-21;;;196;;
SPM00008359;2019-04-22;;119;406;;
SPM00008359;2019-04-23;;115;15;;
SPM00008359;2019-04-24;;91;15;;
SPM00008359;2019-04-25;;;0;;
SPM00008359;2019-04-26;;125;0;;
SPM00008359;2019-04-27;;122;;;
SPM00008359;2019-04-28;;110;;;
SPM00008359;2019-04-29;;110;0;;
SPM00008359;2019-04-30;;122;0;;
SPM00008359;2019-05-01;;142;;;
SPM00008359;2019-05-02;;129;;;
SPM00008359;2019-05-03;;116;0;;
SPM00008359;2019-05-04;;104;5;;
SPM00008359;2019-05-05;;;0;;
SPM00008359;2019-05-06;;113;0;;
SPM00008359;2019-05-07;;154;0;;
SPM00008359;2019-05-08;;139;0;;
SPM00008359;2019-05-09;;;0;;
SPM00008359;2019-05-10;;184;0;;
SPM00008359;2019-05-11;;190;;;
SPM00008359;2019-05-12;;166;;;
SPM00008359;2019-05-13;;;0;;
SPM00008359;2019-05-14;;;0;;
SPM00008359;2019-05-15;;130;0;;
SPM00008359;2019-05-16;;;0;;
SPM00008359;2019-05-17;;161;0;;
SPM00008359;2019-05-19;;123;;;
SPM00008359;2019-05-20;;;0;;
SPM00008359;2019-05-21;;165;0;;
SPM00008359;2019-05-22;;141;0;;
SPM00008359;2019-05-23;;137;0;;
SPM00008359;2019-05-24;;171;0;;
SPM00008359;2019-05-25;;;3;;
SPM00008359;2019-05-26;;139;0;;
SPM00008359;2019-05-27;;144;0;;
SPM00008359;2019-05-28;;175;0;;
SPM00008359;2019-05-29;;145;0;;
SPM00008359;2019-05-30;;129;0;;
SPM00008359;2019-05-31;;134;5;;
SPM00008359;2019-06-01;;129;0;;
SPM00008359;2019-06-02;;133;;;
SPM00008359;2019-06-03;;142;0;;
SPM00008359;2019-06-04;;151;0;;
SPM00008359;2019-06-05;;161;0;;
SPM00008359;2019-06-06;;157;0;;
SPM00008359;2019-06-07;;154;0;;
SPM00008359;2019-06-08;;176;;;
SPM00008359;2019-06-09;;190;;;
SPM00008359;2019-06-10;;188;0;;
SPM00008359;2019-06-11;;163;0;;
SPM00008359;2019-06-12;;146;0;;
SPM00008359;2019-06-13;;183;0;;
SPM00008359;2019-06-14;;184;0;;
SPM00008359;2019-06-15;;180;3;;
SPM00008359;2019-06-16;;170;0;;
SPM00008359;2019-06-17;;157;0;;
SPM00008359;2019-06-18;;151;0;;
SPM00008359;2019-06-19;;174;;;
SPM00008359;2019-06-20;;184;0;;
SPM00008359;2019-06-21;;206;0;;
SPM00008359;2019-06-22;;189;;;
SPM00008359;2019-06-23;;171;;;
SPM00008359;2019-06-24;;189;;;
SPM00008359;2019-06-25;;191;;;
SPM00008359;2019-06-27;;218;0;;
SPM00008359;2019-06-28;;217;0;;
SPM00008359;2019-06-29;;212;;;
SPM00008359;2019-06-30;;200;;;
SPM00008359;2019-07-01;;218;0;;
SPM00008359;2019-07-02;;;0;;
SPM00008359;2019-07-03;;192;0;;
SPM00008359;2019-07-04;;203;0;;
SPM00008359;2019-07-05;;217;0;;
SPM00008359;2019-07-06;;236;;;
SPM00008359;2019-07-07;;260;;;
SPM00008359;2019-07-09;;202;0;;
SPM00008359;2019-07-10;;207;0;;
SPM00008359;2019-07-11;;205;0;;
SPM00008359;2019-07-12;;217;0;;
SPM00008359;2019-07-13;;255;;;
SPM00008359;2019-07-14;;237;;;
SPM00008359;2019-07-15;;223;0;;
SPM00008359;2019-07-16;;238;0;;
SPM00008359;2019-07-17;;213;0;;
SPM00008359;2019-07-18;;206;0;;
SPM00008359;2019-07-19;;206;0;;
SPM00008359;2019-07-20;;232;;;
SPM00008359;2019-07-21;;232;;;
SPM00008359;2019-07-22;;231;0;;
SPM00008359;2019-07-23;;213;0;;
SPM00008359;2019-07-24;;224;0;;
SPM00008359;2019-07-25;;226;0;;
SPM00008359;2019-07-26;;216;0;;
SPM00008359;2019-07-27;;231;;;
SPM00008359;2019-07-28;;235;;;
SPM00008359;2019-07-29;;212;0;;
SPM00008359;2019-07-30;;219;0;;
SPM00008359;2019-07-31;;219;;;
SPM00008359;2019-08-01;;210;0;;
SPM00008359;2019-08-02;;;0;;
SPM00008359;2019-08-04;;219;;;
SPM00008359;2019-08-05;;232;0;;
SPM00008359;2019-08-06;;237;0;;
SPM00008359;2019-08-07;;227;0;;
SPM00008359;2019-08-08;;240;0;;
SPM00008359;2019-08-11;;248;;;
SPM00008359;2019-08-12;;241;;;
SPM00008359;2019-08-13;;;0;;
SPM00008359;2019-08-14;;209;0;;
SPM00008359;2019-08-15;;212;;;
SPM00008359;2019-08-16;;205;0;;
SPM00008359;2019-08-18;;206;;;
SPM00008359;2019-08-19;;212;0;;
SPM00008359;2019-08-20;;233;0;;
SPM00008359;2019-08-21;;222;869;;
SPM00008359;2019-08-22;;202;0;;
SPM00008359;2019-08-23;;194;0;;
SPM00008359;2019-08-24;;196;;;
SPM00008359;2019-08-25;;203;;;
SPM00008359;2019-08-26;;215;0;;
SPM00008359;2019-08-27;;;69;;
SPM00008359;2019-08-28;;182;127;;
SPM00008359;2019-08-29;;205;0;;
SPM00008359;2019-08-30;;198;0;;
SPM00008359;2019-08-31;;199;;;
SPM00008359;2019-09-01;;206;;;
SPM00008359;2019-09-04;;218;0;;
SPM00008359;2019-09-05;;221;0;;
SPM00008359;2019-09-06;;211;0;;
SPM00008359;2019-09-07;;205;297;;
SPM00008359;2019-09-08;;186;15;;
SPM00008359;2019-09-09;;187;0;;
SPM00008359;2019-09-10;;;0;;
SPM00008359;2019-09-11;;;3;;
SPM00008359;2019-09-12;;165;277;;
SPM00008359;2019-09-13;;188;531;;
SPM00008359;2019-09-14;;187;97;;
SPM00008359;2019-09-15;;195;20;;
SPM00008359;2019-09-16;;196;0;;
SPM00008359;2019-09-17;;204;0;;
SPM00008359;2019-09-18;;192;0;;
SPM00008359;2019-09-19;;187;0;;
SPM00008359;2019-09-23;;;0;;
SPM00008359;2019-09-24;;180;0;;
SPM00008359;2019-09-25;;;0;;
SPM00008359;2019-09-27;;175;0;;
SPM00008359;2019-09-28;;183;;;
SPM00008359;2019-09-29;;170;;;
SPM00008359;2019-09-30;;171;0;;
SPM00008359;2019-10-01;;179;0;;
SPM00008359;2019-10-02;;;0;;
SPM00008359;2019-10-03;;159;0;;
SPM00008359;2019-10-04;;143;0;;
SPM00008359;2019-10-05;;159;;;
SPM00008359;2019-10-06;;165;;;
SPM00008359;2019-10-07;;180;0;;
SPM00008359;2019-10-08;;180;0;;
SPM00008359;2019-10-09;;166;;;
SPM00008359;2019-10-10;;187;;;
SPM00008359;2019-10-11;;184;;;
SPM00008359;2019-10-13;;164;;;
SPM00008359;2019-10-15;;;104;;
SPM00008359;2019-10-16;;115;0;;
SPM00008359;2019-10-17;;123;;;
SPM00008359;2019-10-18;;151;;;
SPM00008359;2019-10-19;;134;;;
SPM00008359;2019-10-21;;122;;;
SPM00008359;2019-10-22;;;295;;30
SPM00008359;2019-10-23;;107;74;;
SPM00008359;2019-10-24;;106;0;;
SPM00008359;2019-10-25;;;0;;
SPM00008359;2019-10-26;;115;;;
SPM00008359;2019-10-27;;125;;;
SPM00008359;2019-10-28;;122;0;;
SPM00008359;2019-10-29;;130;0;;
SPM00008359;2019-10-30;;;0;;
SPM00008359;2019-10-31;;176;0;;
SPM00008359;2019-11-01;;187;;;
SPM00008359;2019-11-03;;190;;;
SPM00008359;2019-11-04;;;0;;
SPM00008359;2019-11-05;;;0;;
SPM00008359;2019-11-06;;;0;;
SPM00008359;2019-11-07;;119;0;;
SPM00008359;2019-11-08;;;0;;
SPM00008359;2019-11-09;;101;;;
SPM00008359;2019-11-10;;;3;;
SPM00008359;2019-11-11;;;0;;
SPM00008359;2019-11-12;;109;0;;
SPM00008359;2019-11-13;;131;3;;
SPM00008359;2019-11-14;;;0;;
SPM00008359;2019-11-15;;;3;;
SPM00008359;2019-11-16;;81;0;;
SPM00008359;2019-11-18;;;64;;10
SPM00008359;2019-11-19;;;0;;
SPM00008359;2019-11-20;;;0;;
SPM00008359;2019-11-21;;72;5;;
SPM00008359;2019-11-22;;80;10;;
SPM00008359;2019-11-23;;99;145;;
SPM00008359;2019-11-24;;109;0;;
SPM00008359;2019-11-25;;121;0;;
SPM00008359;2019-11-26;;;0;;
SPM00008359;2019-11-27;;;0;;
SPM00008359;2019-11-28;;116;0;;
SPM00008359;2019-11-29;;;0;;
SPM00008359;2019-12-02;;;15;;
SPM00008359;2019-12-03;;;251;;20
SPM00008359;2019-12-04;;;231;;20
SPM00008359;2019-12-05;;96;10;;
SPM00008359;2019-12-06;;;0;;
SPM00008359;2019-12-07;;70;;;
SPM00008359;2019-12-09;207;121;0;;
SPM00008359;2019-12-10;;;0;;
SPM00008359;2019-12-11;221;52;0;;
SPM00008359;2019-12-12;170;75;0;;
SPM00008359;2019-12-13;194;134;0;;
SPM00008359;2019-12-14;200;;0;;
SPM00008359;2019-12-15;191;;0;;
SPM00008359;2019-12-16;161;75;0;;
SPM00008359;2019-12-17;178;110;0;;
SPM00008359;2019-12-18;193;;0;;
SPM00008359;2019-12-19;164;69;0;;
SPM00008359;2019-12-20;166;99;0;;
SPM00008359;2019-12-21;232;125;10;;
SPM00008359;2019-12-22;226;162;0;;
SPM00008359;2019-12-23;229;;0;;
SPM00008359;2019-12-24;250;;0;;
SPM00008359;2019-12-25;218;;0;;
SPM00008359;2019-12-26;223;77;0;;
SPM00008359;2019-12-27;195;;0;;
SPM00008359;2019-12-28;160;;0;;
SPM00008359;2019-12-29;159;55;0;;
SPM00008359;2019-12-30;164;58;0;;
SPM00008359;2019-12-31;170;;0;;
SPM00008359;2020-01-01;163;;0;;
SPM00008359;2020-01-02;149;;0;;
SPM00008359;2020-01-03;155;;0;;
SPM00008359;2020-01-04;158;;0;;
SPM00008359;2020-01-05;180;;0;;
SPM00008359;2020-01-06;160;;0;;
SPM00008359;2020-01-07;158;35;0;;
SPM00008359;2020-01-08;146;28;0;;
SPM00008359;2020-01-09;172;57;0;;
SPM00008359;2020-01-10;169;;0;;
SPM00008359;2020-01-11;168;;0;;
SPM00008359;2020-01-12;144;;0;;
SPM00008359;2020-01-13;;;0;;
SPM00008359;2020-01-14;172;;0;;
SPM00008359;2020-01-15;182;37;0;;
SPM00008359;2020-01-16;179;;0;;
SPM00008359;2020-01-17;208;54;0;;
SPM00008359;2020-01-18;168;;0;;
SPM00008359;2020-01-19;140;;0;;
SPM00008359;2020-01-20;136;70;15;;
SPM00008359;2020-01-21;154;92;323;;
SPM00008359;2020-01-22;164;;33;;
SPM00008359;2020-01-23;145;;0;;
SPM00008359;2020-01-24;157;;0;;
SPM00008359;2020-01-25;162;75;0;;
SPM00008359;2020-01-26;191;66;0;;
SPM00008359;2020-01-27;187;69;0;;
SPM00008359;2020-01-28;195;112;0;;
SPM00008359;2020-01-29;231;145;0;;
SPM00008359;2020-01-30;233;104;5;;
SPM00008359;2020-01-31;232;;0;;
SPM00008359;2020-02-01;243;135;0;;
SPM00008359;2020-02-02;260;;0;;
SPM00008359;2020-02-03;244;;0;;
SPM00008359;2020-02-04;286;110;0;;
SPM00008359;2020-02-05;152;;;;
SPM00008359;2020-02-06;166;57;0;;
SPM00008359;2020-02-07;163;74;0;;
SPM00008359;2020-02-08;212;;0;;
SPM00008359;2020-02-09;178;;0;;
SPM00008359;2020-02-10;242;96;0;;
SPM00008359;2020-02-11;239;122;0;;
SPM00008359;2020-02-12;189;;0;;
SPM00008359;2020-02-13;223;;0;;
SPM00008359;2020-02-14;204;;0;;
SPM00008359;2020-02-15;178;;0;;
SPM00008359;2020-02-16;180;82;0;;
SPM00008359;2020-02-17;185;;0;;
SPM00008359;2020-02-18;142;113;0;;
SPM00008359;2020-02-19;166;;8;;
SPM00008359;2020-02-20;176;;0;;
SPM00008359;2020-02-21;166;57;0;;
SPM00008359;2020-02-22;181;49;0;;
SPM00008359;2020-02-23;215;52;0;;
SPM00008359;2020-02-24;209;50;0;;
SPM00008359;2020-02-25;268;94;0;;
SPM00008359;2020-02-26;237;;0;;
SPM00008359;2020-02-27;250;100;0;;
SPM00008359;2020-02-28;239;;0;;
SPM00008359;2020-02-29;241;85;0;;
SPM00008359;2020-03-01;233;;0;;
SPM00008359;2020-03-02;254;;0;;
SPM00008359;2020-03-03;226;101;10;;
SPM00008359;2020-03-04;242;175;0;;
SPM00008359;2020-03-05;264;148;0;;
SPM00008359;2020-03-06;186;;0;;
SPM00008359;2020-03-07;203;113;0;;
SPM00008359;2020-03-08;247;76;0;;
SPM00008359;2020-03-09;239;;0;;
SPM00008359;2020-03-10;193;97;0;;
SPM00008359;2020-03-11;230;99;0;;
SPM00008359;2020-03-12;244;104;0;;
SPM00008359;2020-03-13;231;;;;
SPM00008359;2020-03-14;209;;;;
SPM00008359;2020-03-15;191;93;0;;
SPM00008359;2020-03-16;160;131;3;;
SPM00008359;2020-03-17;189;;33;;
SPM00008359;2020-03-18;193;116;23;;
SPM00008359;2020-03-19;180;91;0;;
SPM00008359;2020-03-20;165;98;0;;
SPM00008359;2020-03-21;173;;0;;
SPM00008359;2020-03-22;163;104;137;;
SPM00008359;2020-03-23;174;121;127;;10
SPM00008359;2020-03-24;148;118;183;;
SPM00008359;2020-03-25;133;94;61;;
SPM00008359;2020-03-26;188;73;38;;
SPM00008359;2020-03-27;;;3;;
SPM00008359;2020-03-28;172;69;89;;
SPM00008359;2020-03-29;207;60;0;;
SPM00008359;2020-03-30;160;91;0;;
SPM00008359;2020-03-31;202;113;0;;
SPM00008359;2020-04-01;208;;18;;
SPM00008359;2020-04-02;179;91;86;;
SPM00008359;2020-04-03;198;103;23;;
SPM00008359;2020-04-04;187;83;0;;
SPM00008359;2020-04-05;177;94;0;;
SPM00008359;2020-04-06;188;100;0;;
SPM00008359;2020-04-07;191;105;0;;
SPM00008359;2020-04-08;192;88;0;;
SPM00008359;2020-04-09;203;96;0;;
SPM00008359;2020-04-10;205;127;0;;
SPM00008359;2020-04-11;214;93;0;;
SPM00008359;2020-04-12;195;117;0;;
SPM00008359;2020-04-13;187;133;18;;
SPM00008359;2020-04-14;220;145;3;;
SPM00008359;2020-04-15;194;134;0;;
SPM00008359;2020-04-16;;114;76;;
SPM00008359;2020-04-17;205;141;0;;
SPM00008359;2020-04-18;213;148;3;;
SPM00008359;2020-04-19;216;;0;;
SPM00008359;2020-04-20;255;139;69;;
SPM00008359;2020-04-21;218;138;0;;
SPM00008359;2020-04-22;226;153;0;;
SPM00008359;2020-04-23;211;117;0;;
SPM00008359;2020-04-24;207;117;5;;
SPM00008359;2020-04-25;181;130;0;;
SPM00008359;2020-04-26;215;119;0;;
SPM00008359;2020-04-27;;138;0;;
SPM00008359;2020-04-28;231;125;89;;
SPM00008359;2020-04-29;267;127;0;;
SPM00008359;2020-04-30;278;158;0;;
SPM00008359;2020-05-01;305;164;0;;
SPM00008359;2020-05-02;318;188;0;;
SPM00008359;2020-05-03;281;177;0;;
SPM00008359;2020-05-04;278;153;0;;
SPM00008359;2020-05-05;271;170;0;;
SPM00008359;2020-05-06;256;170;0;;
SPM00008359;2020-05-07;264;160;0;;
SPM00008359;2020-05-08;247;160;0;;
SPM00008359;2020-05-09;239;174;0;;
SPM00008359;2020-05-10;259;;79;;
SPM00008359;2020-05-11;270;149;41;;
SPM00008359;2020-05-12;236;;0;;
SPM00008359;2020-05-13;;141;0;;
SPM00008359;2020-05-14;226;;112;;
SPM00008359;2020-05-15;214;135;84;;
SPM00008359;2020-05-16;223;144;8;;
SPM00008359;2020-05-17;230;153;0;;
SPM00008359;2020-05-18;252;138;0;;
SPM00008359;2020-05-19;;152;0;;
SPM00008359;2020-05-20;280;171;0;;
SPM00008359;2020-05-21;276;179;0;;
SPM00008359;2020-05-22;292;168;0;;
SPM00008359;2020-05-23;296;167;0;;
SPM00008359;2020-05-24;257;169;0;;
SPM00008359;2020-05-25;260;157;0;;
SPM00008359;2020-05-26;266;167;0;;
SPM00008359;2020-05-27;280;166;0;;
SPM00008359;2020-05-28;266;174;0;;
SPM00008359;2020-05-29;266;159;0;;
SPM00008359;2020-05-30;254;151;0;;
SPM00008359;2020-05-31;261;144;0;;
SPM00008359;2020-06-01;277;172;0;;
SPM00008359;2020-06-02;260;165;0;;
SPM00008359;2020-06-03;279;166;0;;
SPM00008359;2020-06-04;310;198;0;;
SPM00008359;2020-06-05;325;177;0;;
SPM00008359;2020-06-06;298;187;0;;
SPM00008359;2020-06-07;;208;0;;
SPM00008359;2020-06-08;214;;0;;
SPM00008359;2020-06-09;254;160;53;;
SPM00008359;2020-06-10;255;164;3;;
SPM00008359;2020-06-11;287;167;0;;
SPM00008359;2020-06-12;277;204;0;;
SPM00008359;2020-06-13;298;191;0;;
SPM00008359;2020-06-14;271;177;0;;
SPM00008359;2020-06-15;288;175;0;;
SPM00008359;2020-06-16;262;182;0;;
SPM00008359;2020-06-17;271;190;0;;
SPM00008359;2020-06-18;269;196;0;;
SPM00008359;2020-06-19;273;;43;;
SPM00008359;2020-06-20;278;179;15;;
SPM00008359;2020-06-21;286;185;0;;
SPM00008359;2020-06-22;305;194;0;;
SPM00008359;2020-06-23;290;202;0;;
SPM00008359;2020-06-24;291;195;0;;
SPM00008359;2020-06-25;317;195;0;;
SPM00008359;2020-06-26;301;203;0;;
SPM00008359;2020-06-27;292;210;0;;
SPM00008359;2020-06-28;286;205;0;;
SPM00008359;2020-06-29;318;198;0;;
SPM00008359;2020-06-30;315;206;0;;
SPM00008359;2020-07-01;320;208;0;;
SPM00008359;2020-07-02;326;222;0;;
SPM00008359;2020-07-03;304;237;0;;
SPM00008359;2020-07-04;288;226;0;;
SPM00008359;2020-07-05;298;202;0;;
SPM00008359;2020-07-06;316;203;0;;
SPM00008359;2020-07-07;334;208;0;;
SPM00008359;2020-07-08;302;220;0;;
SPM00008359;2020-07-09;317;242;0;;
SPM00008359;2020-07-10;310;207;0;;
SPM00008359;2020-07-11;326;210;0;;
SPM00008359;2020-07-12;302;230;;;
SPM00008359;2020-07-13;319;217;0;;
SPM00008359;2020-07-14;297;224;0;;
SPM00008359;2020-07-15;298;209;0;;
SPM00008359;2020-07-16;296;202;0;;
SPM00008359;2020-07-17;289;214;0;;
SPM00008359;2020-07-18;295;220;0;;
SPM00008359;2020-07-19;313;208;0;;
SPM00008359;2020-07-20;303;233;0;;
SPM00008359;2020-07-21;306;204;0;;
SPM00008359;2020-07-22;326;221;0;;
SPM00008359;2020-07-23;326;205;0;;
SPM00008359;2020-07-24;314;212;0;;
SPM00008359;2020-07-25;325;225;0;;
SPM00008359;2020-07-26;311;212;0;;
SPM00008359;2020-07-27;338;217;0;;
SPM00008359;2020-07-28;331;235;0;;
SPM00008359;2020-07-29;342;230;0;;
SPM00008359;2020-07-30;334;235;0;;
SPM00008359;2020-07-31;331;240;0;;
SPM00008359;2020-08-01;339;245;0;;
SPM00008359;2020-08-02;331;251;13;;
SPM00008359;2020-08-03;311;255;0;;
SPM00008359;2020-08-04;305;249;0;;
SPM00008359;2020-08-05;303;225;58;;
SPM00008359;2020-08-06;310;231;0;;
SPM00008359;2020-08-07;317;215;0;;
SPM00008359;2020-08-08;325;213;0;;
SPM00008359;2020-08-09;339;222;0;;
SPM00008359;2020-08-10;327;212;0;;
SPM00008359;2020-08-11;326;251;0;;
SPM00008359;2020-08-12;326;231;5;;
SPM00008359;2020-08-13;321;227;0;;
SPM00008359;2020-08-14;312;219;0;;
SPM00008359;2020-08-15;315;213;0;;
SPM00008359;2020-08-16;332;208;0;;
SPM00008359;2020-08-17;347;217;0;;
SPM00008359;2020-08-18;321;213;0;;
SPM00008359;2020-08-19;326;207;0;;
SPM00008359;2020-08-20;320;211;0;;
SPM00008359;2020-08-21;321;239;0;;
SPM00008359;2020-08-22;332;227;0;;
SPM00008359;2020-08-23;322;257;0;;
SPM00008359;2020-08-24;310;249;0;;
SPM00008359;2020-08-25;321;220;0;;
SPM00008359;2020-08-26;333;214;0;;
SPM00008359;2020-08-27;338;211;0;;
SPM00008359;2020-08-28;313;219;0;;
SPM00008359;2020-08-29;310;;0;;
SPM00008359;2020-08-30;278;176;56;;
SPM00008359;2020-08-31;279;164;0;;
SPM00008359;2020-09-01;277;181;0;;
SPM00008359;2020-09-02;289;199;0;;
SPM00008359;2020-09-03;290;195;0;;
SPM00008359;2020-09-04;290;192;0;;
SPM00008359;2020-09-05;290;192;0;;
SPM00008359;2020-09-06;295;191;0;;
SPM00008359;2020-09-07;288;199;0;;
SPM00008359;2020-09-08;273;184;3;;
SPM00008359;2020-09-09;280;187;0;;
SPM00008359;2020-09-10;283;191;0;;
SPM00008359;2020-09-11;306;187;0;;
SPM00008359;2020-09-12;321;185;0;;
SPM00008359;2020-09-13;312;189;0;;
SPM00008359;2020-09-14;290;201;0;;
SPM00008359;2020-09-15;300;215;3;;
SPM00008359;2020-09-16;298;193;0;;
SPM00008359;2020-09-17;291;217;0;;
SPM00008359;2020-09-18;251;;3;;
SPM00008359;2020-09-19;324;187;28;;
SPM00008359;2020-09-20;314;;0;;
SPM00008359;2020-09-21;318;194;0;;
SPM00008359;2020-09-22;295;192;0;;
SPM00008359;2020-09-23;317;196;0;;
SPM00008359;2020-09-24;321;221;0;;
SPM00008359;2020-09-25;272;207;0;;
SPM00008359;2020-09-26;253;164;0;;
SPM00008359;2020-09-27;277;;0;;
SPM00008359;2020-09-28;255;134;0;;
SPM00008359;2020-09-29;254;167;0;;
SPM00008359;2020-09-30;262;147;0;;
SPM00008359;2020-10-01;318;166;0;;
SPM00008359;2020-10-02;298;;0;;
SPM00008359;2020-10-03;245;136;5;;
SPM00008359;2020-10-04;274;128;0;;
SPM00008359;2020-10-05;265;;0;;
SPM00008359;2020-10-06;305;146;0;;
SPM00008359;2020-10-07;;158;0;;
SPM00008359;2020-10-09;256;157;0;;
SPM00008359;2020-10-10;256;172;0;;
SPM00008359;2020-10-11;224;;0;;
SPM00008359;2020-10-12;223;125;15;;
SPM00008359;2020-10-13;300;115;0;;
SPM00008359;2020-10-14;225;;0;;
SPM00008359;2020-10-15;251;114;0;;
SPM00008359;2020-10-16;223;109;0;;
SPM00008359;2020-10-17;236;96;0;;
SPM00008359;2020-10-18;227;101;0;;
SPM00008359;2020-10-19;234;114;0;;
SPM00008359;2020-10-20;236;128;0;;
SPM00008359;2020-10-21;268;172;0;;
SPM00008359;2020-10-22;222;;0;;
SPM00008359;2020-10-23;254;153;15;;
SPM00008359;2020-10-24;256;;0;;
SPM00008359;2020-10-25;250;;0;;
SPM00008359;2020-10-26;209;;0;;
SPM00008359;2020-10-27;231;96;0;;
SPM00008359;2020-10-28;241;124;0;;
SPM00008359;2020-10-29;233;113;0;;
SPM00008359;2020-10-30;247;109;0;;
SPM00008359;2020-10-31;231;100;0;;
SPM00008359;2020-11-01;228;120;0;;
SPM00008359;2020-11-02;217;;0;;
SPM00008359;2020-11-03;226;124;0;;
SPM00008359;2020-11-04;211;141;0;;
SPM00008359;2020-11-05;216;167;10;;
SPM00008359;2020-11-06;247;181;10;;
SPM00008359;2020-11-07;250;;15;;
SPM00008359;2020-11-08;228;113;3;;
SPM00008359;2020-11-09;223;110;0;;
SPM00008359;2020-11-10;224;;0;;
SPM00008359;2020-11-11;214;;0;;
SPM00008359;2020-11-12;212;97;0;;
SPM00008359;2020-11-13;240;142;5;;
SPM00008359;2020-11-14;207;139;0;;
SPM00008359;2020-11-15;272;134;0;;
SPM00008359;2020-11-16;;148;0;;
SPM00008359;2020-11-17;228;;0;;
SPM00008359;2020-11-18;216;136;0;;
SPM00008359;2020-11-19;;131;0;;
SPM00008359;2020-11-20;;;0;;
SPM00008359;2020-11-21;193;;0;;
SPM00008359;2020-11-22;194;73;0;;
SPM00008359;2020-11-23;190;64;0;;
SPM00008359;2020-11-24;194;75;0;;
SPM00008359;2020-11-25;195;;0;;
SPM00008359;2020-11-26;202;132;0;;
SPM00008359;2020-11-27;181;;15;;
SPM00008359;2020-11-28;193;115;46;;
SPM00008359;2020-11-29;208;;0;;
SPM00008359;2020-11-30;192;;0;;
SPM00008359;2020-12-01;216;;0;;
SPM00008359;2020-12-02;186;;0;;
SPM00008359;2020-12-03;169;40;0;;
SPM00008359;2020-12-04;182;78;0;;
SPM00008359;2020-12-05;130;;8;;
SPM00008359;2020-12-06;150;75;0;;
SPM00008359;2020-12-07;192;91;0;;
SPM00008359;2020-12-08;169;;0;;
SPM00008359;2020-12-09;170;90;0;;
SPM00008359;2020-12-10;192;108;0;;
SPM00008359;2020-12-11;250;;0;;
SPM00008359;2020-12-12;216;;0;;
SPM00008359;2020-12-13;248;;0;;
SPM00008359;2020-12-14;193;95;0;;
SPM00008359;2020-12-15;226;88;0;;
SPM00008359;2020-12-16;172;85;0;;
SPM00008359;2020-12-17;190;93;0;;
SPM00008359;2020-12-18;186;69;0;;
SPM00008359;2020-12-19;191;;0;;
SPM00008359;2020-12-20;208;;3;;
SPM00008359;2020-12-21;185;70;0;;
SPM00008359;2020-12-22;192;;0;;
SPM00008359;2020-12-23;203;;0;;
SPM00008359;2020-12-24;194;;0;;
SPM00008359;2020-12-25;170;;0;;
SPM00008359;2020-12-26;160;;0;;
SPM00008359;2020-12-27;160;13;0;;
SPM00008359;2020-12-28;164;82;0;;
SPM00008359;2020-12-29;149;;5;;
SPM00008359;2020-12-30;157;68;0;;
SPM00008359;2020-12-31;166;;0;;
SPM00008359;2021-01-01;147;66;0;;
SPM00008359;2021-01-02;115;;0;;
SPM00008359;2021-01-03;134;44;0;;
SPM00008359;2021-01-04;141;33;0;;
SPM00008359;2021-01-05;147;;0;;
SPM00008359;2021-01-06;132;;0;;
SPM00008359;2021-01-07;;63;28;;
SPM00008359;2021-01-08;89;63;58;;
SPM00008359;2021-01-09;127;;117;;
SPM00008359;2021-01-10;129;39;0;;
SPM00008359;2021-01-11;130;23;48;;
SPM00008359;2021-01-12;141;;0;;
SPM00008359;2021-01-13;147;10;0;;
SPM00008359;2021-01-14;152;21;0;;
SPM00008359;2021-01-15;173;23;0;;
SPM00008359;2021-01-16;162;;0;;
SPM00008359;2021-01-17;208;21;0;;
SPM00008359;2021-01-18;178;59;0;;
SPM00008359;2021-01-19;162;;0;;
SPM00008359;2021-01-20;121;48;0;;
SPM00008359;2021-01-21;204;73;5;;
SPM00008359;2021-01-22;207;;0;;
SPM00008359;2021-01-23;188;;0;;
SPM00008359;2021-01-24;210;101;0;;
SPM00008359;2021-01-25;218;145;0;;
SPM00008359;2021-01-26;;;0;;
SPM00008359;2021-01-27;250;;0;;
SPM00008359;2021-01-28;292;;0;;
SPM00008359;2021-01-29;298;170;0;;
SPM00008359;2021-01-30;243;;0;;
SPM00008359;2021-01-31;219;;0;;
SPM00008359;2021-02-01;248;;0;;
SPM00008359;2021-02-02;248;;0;;
SPM00008359;2021-02-03;185;;3;;
SPM00008359;2021-02-04;168;;0;;
SPM00008359;2021-02-05;186;;0;;
SPM00008359;2021-02-06;198;;0;;
SPM00008359;2021-02-07;193;122;0;;
SPM00008359;2021-02-08;199;110;5;;
SPM00008359;2021-02-09;157;91;0;;
SPM00008359;2021-02-10;;110;0;;
SPM00008359;2021-02-13;235;;;;
SPM00008359;2021-02-14;182;;0;;
SPM00008359;2021-02-15;157;;56;;
SPM00008359;2021-02-16;190;56;5;;
SPM00008359;2021-02-17;179;;0;;
SPM00008359;2021-02-18;167;;0;;
SPM00008359;2021-02-19;;81;0;;
SPM00008359;2021-02-22;189;102;0;;
SPM00008359;2021-02-23;184;81;0;;
SPM00008359;2021-02-24;176;97;0;;
SPM00008359;2021-02-25;;91;0;;
SPM00008359;2021-02-26;173;;0;;
SPM00008359;2021-02-27;171;69;0;;
SPM00008359;2021-02-28;166;103;0;;
SPM00008359;2021-03-01;175;;0;;
SPM00008359;2021-03-02;176;103;0;;
SPM00008359;2021-03-03;173;;0;;
SPM00008359;2021-03-04;177;110;0;;
SPM00008359;2021-03-05;170;105;0;;
SPM00008359;2021-03-06;167;77;0;;
SPM00008359;2021-03-07;138;;13;;
SPM00008359;2021-03-08;171;111;264;;
SPM00008359;2021-03-09;170;;0;;
SPM00008359;2021-03-10;179;73;0;;
SPM00008359;2021-03-11;245;81;0;;
SPM00008359;2021-03-12;256;126;0;;
SPM00008359;2021-03-13;194;;0;;
SPM00008359;2021-03-14;220;87;0;;
SPM00008359;2021-03-15;185;77;0;;
SPM00008359;2021-03-16;177;79;0;;
SPM00008359;2021-03-17;194;62;0;;
SPM00008359;2021-03-18;128;;0;;
SPM00008359;2021-03-19;143;74;183;;
SPM00008359;2021-03-20;140;63;28;;
SPM00008359;2021-03-21;167;56;0;;
SPM00008359;2021-03-22;179;57;0;;
SPM00008359;2021-03-23;195;62;0;;
SPM00008359;2021-03-24;187;98;0;;
SPM00008359;2021-03-25;194;;;;
SPM00008359;2021-03-26;206;;0;;
SPM00008359;2021-03-27;219;112;0;;
SPM00008359;2021-03-28;213;86;0;;
SPM00008359;2021-03-29;217;115;0;;
SPM00008359;2021-03-30;221;151;0;;
SPM00008359;2021-03-31;211;95;0;;
SPM00008359;2021-04-01;224;102;0;;
SPM00008359;2021-04-02;252;104;0;;
SPM00008359;2021-04-03;208;119;0;;
SPM00008359;2021-04-04;199;113;0;;
SPM00008359;2021-04-05;196;89;8;;
SPM00008359;2021-04-06;297;109;0;;
SPM00008359;2021-04-07;174;;0;;
SPM00008359;2021-04-08;162;112;5;;
SPM00008359;2021-04-09;175;109;15;;
SPM00008359;2021-04-10;168;;38;;
SPM00008359;2021-04-11;219;139;43;;
SPM00008359;2021-04-12;180;120;5;;
SPM00008359;2021-04-13;183;133;0;;
SPM00008359;2021-04-14;169;119;0;;
SPM00008359;2021-04-15;146;;3;;
SPM00008359;2021-04-16;187;76;94;;
SPM00008359;2021-04-17;170;68;56;;
SPM00008359;2021-04-18;174;99;0;;
SPM00008359;2021-04-19;221;88;0;;
SPM00008359;2021-04-20;199;143;0;;
SPM00008359;2021-04-21;201;140;8;;
SPM00008359;2021-04-22;185;;15;;
SPM00008359;2021-04-23;196;116;30;;
SPM00008359;2021-04-24;187;132;0;;
SPM00008359;2021-04-25;223;148;0;;
SPM00008359;2021-04-26;210;144;86;;
SPM00008359;2021-04-27;239;146;36;;
SPM00008359;2021-04-28;234;134;36;;
SPM00008359;2021-04-29;240;139;0;;
SPM00008359;2021-04-30;222;138;0;;
SPM00008359;2021-05-01;250;155;0;;
SPM00008359;2021-05-02;226;140;0;;
SPM00008359;2021-05-03;210;142;0;;
SPM00008359;2021-05-04;211;132;28;;
SPM00008359;2021-05-05;;126;0;;
SPM00008359;2021-05-06;229;132;0;;
SPM00008359;2021-05-07;294;148;0;;
SPM00008359;2021-05-08;240;153;0;;
SPM00008359;2021-05-09;262;171;0;;
SPM00008359;2021-05-10;230;;0;;
SPM00008359;2021-05-11;252;149;3;;
SPM00008359;2021-05-12;250;128;0;;
SPM00008359;2021-05-13;246;179;0;;
SPM00008359;2021-05-14;280;;0;;
SPM00008359;2021-05-15;274;145;0;;
SPM00008359;2021-05-16;358;178;0;;
SPM00008359;2021-05-17;259;;0;;
SPM00008359;2021-05-18;241;160;0;;
SPM00008359;2021-05-19;239;174;0;;
SPM00008359;2021-05-20;235;160;0;;
SPM00008359;2021-05-21;244;145;0;;
SPM00008359;2021-05-22;250;166;0;;
SPM00008359;2021-05-23;200;;0;;
SPM00008359;2021-05-24;273;128;538;;
SPM00008359;2021-05-25;250;149;0;;
SPM00008359;2021-05-26;234;148;0;;
SPM00008359;2021-05-27;231;147;0;;
SPM00008359;2021-05-28;235;;3;;
SPM00008359;2021-05-29;257;155;0;;
SPM00008359;2021-05-30;261;162;0;;
SPM00008359;2021-05-31;246;167;0;;
SPM00008359;2021-06-01;261;167;0;;
SPM00008359;2021-06-02;252;173;28;;
SPM00008359;2021-06-03;257;183;0;;
SPM00008359;2021-06-04;270;190;0;;
SPM00008359;2021-06-05;243;;;;
SPM00008359;2021-06-06;;163;66;;
SPM00008359;2021-06-07;265;171;0;;
SPM00008359;2021-06-08;265;173;0;;
SPM00008359;2021-06-09;289;182;0;;
SPM00008359;2021-06-10;286;186;0;;
SPM00008359;2021-06-11;292;181;0;;
SPM00008359;2021-06-12;307;201;0;;
SPM00008359;2021-06-13;310;220;0;;
SPM00008359;2021-06-14;304;197;0;;
SPM00008359;2021-06-15;314;206;0;;
SPM00008359;2021-06-16;319;220;0;;
SPM00008359;2021-06-17;285;209;3;;
SPM00008359;2021-06-18;275;208;0;;
SPM00008359;2021-06-19;257;;0;;
SPM00008359;2021-06-20;294;193;5;;
SPM00008359;2021-06-21;289;187;0;;
SPM00008359;2021-06-22;288;;0;;
SPM00008359;2021-06-23;271;181;0;;
SPM00008359;2021-06-24;271;184;0;;
SPM00008359;2021-06-25;277;180;0;;
SPM00008359;2021-06-26;280;178;0;;
SPM00008359;2021-06-27;281;180;0;;
SPM00008359;2021-06-28;285;191;0;;
SPM00008359;2021-06-29;288;206;0;;
SPM00008359;2021-06-30;281;212;0;;
SPM00008359;2021-07-01;284;195;0;;
SPM00008359;2021-07-02;281;;;;
SPM00008359;2021-07-03;321;209;0;;
SPM00008359;2021-07-04;321;216;0;;
SPM00008359;2021-07-05;302;230;0;;
SPM00008359;2021-07-06;;217;0;;
SPM00008359;2021-07-07;309;234;0;;
SPM00008359;2021-07-08;294;224;0;;
SPM00008359;2021-07-09;289;214;0;;
SPM00008359;2021-07-10;309;190;0;;
SPM00008359;2021-07-11;307;215;0;;
SPM00008359;2021-07-12;355;242;0;;
SPM00008359;2021-07-13;288;227;0;;
SPM00008359;2021-07-14;284;201;0;;
SPM00008359;2021-07-15;284;206;0;;
SPM00008359;2021-07-16;290;199;0;;
SPM00008359;2021-07-17;296;201;0;;
SPM00008359;2021-07-18;302;198;0;;
SPM00008359;2021-07-19;306;237;0;;
SPM00008359;2021-07-20;317;207;0;;
SPM00008359;2021-07-21;316;207;0;;
SPM00008359;2021-07-22;352;210;0;;
SPM00008359;2021-07-23;327;217;0;;
SPM00008359;2021-07-24;318;240;0;;
SPM00008359;2021-07-25;319;229;0;;
SPM00008359;2021-07-26;285;;0;;
SPM00008359;2021-07-27;294;209;264;;
SPM00008359;2021-07-28;300;210;0;;
SPM00008359;2021-07-29;301;209;0;;
SPM00008359;2021-07-30;342;222;0;;
SPM00008359;2021-07-31;306;233;5;;
SPM00008359;2021-08-01;278;220;0;;
SPM00008359;2021-08-02;294;217;0;;
SPM00008359;2021-08-03;294;197;0;;
SPM00008359;2021-08-04;340;206;0;;
SPM00008359;2021-08-05;301;241;0;;
SPM00008359;2021-08-06;312;220;0;;
SPM00008359;2021-08-07;325;218;0;;
SPM00008359;2021-08-08;292;243;0;;
SPM00008359;2021-08-09;294;240;0;;
SPM00008359;2021-08-10;317;224;0;;
SPM00008359;2021-08-11;337;246;0;;
SPM00008359;2021-08-12;383;256;0;;
SPM00008359;2021-08-13;342;224;0;;
SPM00008359;2021-08-14;350;248;0;;
SPM00008359;2021-08-15;395;235;0;;
SPM00008359;2021-08-16;339;255;0;;
SPM00008359;2021-08-17;281;;0;;
SPM00008359;2021-08-18;294;227;10;;
SPM00008359;2021-08-19;299;217;0;;
SPM00008359;2021-08-20;303;220;0;;
SPM00008359;2021-08-21;309;207;0;;
SPM00008359;2021-08-22;334;223;0;;
SPM00008359;2021-08-23;328;222;0;;
SPM00008359;2021-08-24;301;230;0;;
SPM00008359;2021-08-25;302;229;0;;
SPM00008359;2021-08-26;311;222;0;;
SPM00008359;2021-08-27;337;207;0;;
SPM00008359;2021-08-28;311;227;0;;
SPM00008359;2021-08-29;316;232;0;;
SPM00008359;2021-08-30;304;245;0;;
SPM00008359;2021-08-31;297;228;0;;
SPM00008359;2021-09-01;299;246;0;;
SPM00008359;2021-09-02;297;210;15;;
SPM00008359;2021-09-03;296;235;0;;
SPM00008359;2021-09-04;296;218;0;;
SPM00008359;2021-09-05;300;207;0;;
SPM00008359;2021-09-06;323;201;0;;
SPM00008359;2021-09-07;312;217;0;;
SPM00008359;2021-09-08;304;210;0;;
SPM00008359;2021-09-09;340;220;0;;
SPM00008359;2021-09-10;309;229;0;;
SPM00008359;2021-09-11;298;212;0;;
SPM00008359;2021-09-12;305;194;0;;
SPM00008359;2021-09-13;294;210;0;;
SPM00008359;2021-09-14;315;225;5;;
SPM00008359;2021-09-15;313;221;5;;
SPM00008359;2021-09-16;311;197;0;;
SPM00008359;2021-09-17;292;208;10;;
SPM00008359;2021-09-18;297;199;0;;
SPM00008359;2021-09-19;279;209;0;;
SPM00008359;2021-09-20;284;;;;
SPM00008359;2021-09-21;277;174;13;;
SPM00008359;2021-09-22;;194;0;;
SPM00008359;2021-09-23;297;206;0;;
SPM00008359;2021-09-24;296;229;0;;
SPM00008359;2021-09-25;305;225;10;;
SPM00008359;2021-09-26;305;196;3;;
SPM00008359;2021-09-27;305;187;0;;
SPM00008359;2021-09-28;280;171;0;;
SPM00008359;2021-09-29;279;168;0;;
SPM00008359;2021-09-30;278;194;0;;
SPM00008359;2021-10-01;279;188;0;;
SPM00008359;2021-10-02;280;191;0;;
SPM00008359;2021-10-03;286;;0;;
SPM00008359;2021-10-04;262;149;74;;10
SPM00008359;2021-10-05;301;133;0;;
SPM00008359;2021-10-06;269;167;0;;
SPM00008359;2021-10-07;261;209;0;;
SPM00008359;2021-10-08;252;;;;
SPM00008359;2021-10-09;;181;0;;
SPM00008359;2021-10-10;255;167;0;;
SPM00008359;2021-10-11;251;162;0;;
SPM00008359;2021-10-12;245;146;0;;
SPM00008359;2021-10-13;247;139;0;;
SPM00008359;2021-10-14;252;150;0;;
SPM00008359;2021-10-15;256;149;0;;
SPM00008359;2021-10-16;260;148;0;;
SPM00008359;2021-10-17;239;;;;
SPM00008359;2021-10-18;252;152;0;;
SPM00008359;2021-10-19;247;;;;
SPM00008359;2021-10-20;247;137;0;;
SPM00008359;2021-10-21;303;161;0;;
SPM00008359;2021-10-22;;;0;;
SPM00008359;2021-10-23;228;148;127;;
SPM00008359;2021-10-24;230;133;0;;
SPM00008359;2021-10-25;232;122;0;;
SPM00008359;2021-10-26;215;131;0;;
SPM00008359;2021-10-27;229;130;81;;
SPM00008359;2021-10-28;233;142;0;;
SPM00008359;2021-10-29;228;137;0;;
SPM00008359;2021-10-30;220;163;13;;
SPM00008359;2021-10-31;303;;33;;
SPM00008359;2021-11-01;276;201;0;;
SPM00008359;2021-11-02;244;170;0;;
SPM00008359;2021-11-03;195;;0;;
SPM00008359;2021-11-04;204;95;3;;
SPM00008359;2021-11-05;192;99;13;;
SPM00008359;2021-11-06;181;;23;;
SPM00008359;2021-11-07;213;63;0;;
SPM00008359;2021-11-08;209;75;0;;
SPM00008359;2021-11-09;201;91;0;;
SPM00008359;2021-11-10;192;130;13;;
SPM00008359;2021-11-11;230;99;0;;
SPM00008359;2021-11-12;211;137;0;;
SPM00008359;2021-11-13;225;;0;;
SPM00008359;2021-11-14;228;109;0;;
SPM00008359;2021-11-15;208;;0;;
SPM00008359;2021-11-16;191;;0;;
SPM00008359;2021-11-17;200;81;0;;
SPM00008359;2021-11-18;145;;13;;
SPM00008359;2021-11-19;180;97;104;;
SPM00008359;2021-11-20;181;140;5;;
SPM00008359;2021-11-21;213;;18;;
SPM00008359;2021-11-22;195;115;0;;
SPM00008359;2021-11-23;177;;323;;
SPM00008359;2021-11-24;142;;0;;
SPM00008359;2021-11-25;167;84;0;;
SPM00008359;2021-11-26;170;;0;;
SPM00008359;2021-11-27;182;87;0;;
SPM00008359;2021-11-28;137;71;0;;
SPM00008359;2021-11-29;190;90;0;;
SPM00008359;2021-11-30;182;;0;;
SPM00008359;2021-12-01;193;;0;;
SPM00008359;2021-12-02;176;;0;;
SPM00008359;2021-12-03;185;88;0;;
SPM00008359;2021-12-04;195;83;0;;
SPM00008359;2021-12-05;184;;0;;
SPM00008359;2021-12-06;193;;0;;
SPM00008359;2021-12-07;212;;0;;
SPM00008359;2021-12-08;181;;0;;
SPM00008359;2021-12-09;193;;0;;
SPM00008359;2021-12-10;190;144;0;;
SPM00008359;2021-12-11;229;;0;;
SPM00008359;2021-12-12;191;;0;;
SPM00008359;2021-12-13;185;67;0;;
SPM00008359;2021-12-14;;;0;;
SPM00008359;2021-12-15;168;;0;;
SPM00008359;2021-12-16;172;91;0;;
SPM00008359;2021-12-17;166;;0;;
SPM00008359;2021-12-18;154;97;0;;
SPM00008359;2021-12-19;153;82;0;;
SPM00008359;2021-12-20;177;68;0;;
SPM00008359;2021-12-21;215;94;0;;
SPM00008359;2021-12-22;173;99;0;;
SPM00008359;2021-12-23;154;;5;;
SPM00008359;2021-12-24;170;104;3;;
SPM00008359;2021-12-25;171;;5;;
SPM00008359;2021-12-26;210;106;0;;
SPM00008359;2021-12-27;245;;0;;
SPM00008359;2021-12-28;235;;0;;
SPM00008359;2021-12-29;222;;0;;
SPM00008359;2021-12-30;213;;0;;
SPM00008359;2021-12-31;177;;0;;
SPM00008359;2022-01-01;175;71;0;;
SPM00008359;2022-01-02;185;;0;;
SPM00008359;2022-01-03;164;51;0;;
SPM00008359;2022-01-04;199;77;0;;
SPM00008359;2022-01-05;168;;0;;
SPM00008359;2022-01-06;149;;0;;
SPM00008359;2022-01-07;160;;0;;
SPM00008359;2022-01-08;188;;0;;
SPM00008359;2022-01-09;204;95;0;;
SPM00008359;2022-01-10;226;;0;;
SPM00008359;2022-01-11;;;51;;
SPM00008359;2022-01-12;163;61;13;;
SPM00008359;2022-01-13;147;;8;;
SPM00008359;2022-01-14;148;;0;;
SPM00008359;2022-01-15;;37;0;;
SPM00008359;2022-01-16;153;25;0;;
SPM00008359;2022-01-17;155;;0;;
SPM00008359;2022-01-18;159;24;0;;
SPM00008359;2022-01-19;152;27;0;;
SPM00008359;2022-01-20;152;30;0;;
SPM00008359;2022-01-21;;;0;;
SPM00008359;2022-01-22;126;;0;;
SPM00008359;2022-01-23;126;75;53;;
SPM00008359;2022-01-24;140;48;10;;
SPM00008359;2022-01-25;154;;0;;
SPM00008359;2022-01-26;150;53;5;;
SPM00008359;2022-01-27;153;;0;;
SPM00008359;2022-01-28;164;;0;;
SPM00008359;2022-01-29;186;;0;;
SPM00008359;2022-01-30;205;22;0;;
SPM00008359;2022-01-31;246;59;0;;
SPM00008359;2022-02-01;171;;0;;
SPM00008359;2022-02-02;242;56;0;;
SPM00008359;2022-02-03;228;68;0;;
SPM00008359;2022-02-04;193;98;0;;
SPM00008359;2022-02-05;174;103;0;;
SPM00008359;2022-02-06;167;;3;;
SPM00008359;2022-02-07;168;;0;;
SPM00008359;2022-02-08;174;;0;;
SPM00008359;2022-02-09;165;71;0;;
SPM00008359;2022-02-10;169;;0;;
SPM00008359;2022-02-11;156;61;0;;
SPM00008359;2022-02-12;176;;0;;
SPM00008359;2022-02-13;175;;0;;
SPM00008359;2022-02-14;198;;0;;
SPM00008359;2022-02-15;200;102;0;;
SPM00008359;2022-02-16;223;87;0;;
SPM00008359;2022-02-17;214;;0;;
SPM00008359;2022-02-18;213;;0;;
SPM00008359;2022-02-19;200;92;0;;
SPM00008359;2022-02-20;179;100;0;;
SPM00008359;2022-02-21;;75;0;;
SPM00008359;2022-02-22;183;70;0;;
SPM00008359;2022-02-23;180;;0;;
SPM00008359;2022-02-24;186;;0;;
SPM00008359;2022-02-25;160;123;0;;
SPM00008359;2022-02-26;153;;0;;
SPM00008359;2022-02-27;155;;5;;
SPM00008359;2022-02-28;174;80;5;;
SPM00008359;2022-03-01;176;62;0;;
SPM00008359;2022-03-02;192;77;0;;
SPM00008359;2022-03-03;195;92;0;;
SPM00008359;2022-03-04;147;;183;;
SPM00008359;2022-03-05;168;68;43;;
SPM00008359;2022-03-06;134;;8;;
SPM00008359;2022-03-07;136;98;61;;
SPM00008359;2022-03-08;174;71;20;;
SPM00008359;2022-03-09;165;59;28;;
SPM00008359;2022-03-10;175;73;0;;
SPM00008359;2022-03-11;178;85;0;;
SPM00008359;2022-03-12;212;108;76;;
SPM00008359;2022-03-13;216;109;0;;
SPM00008359;2022-03-14;;118;15;;
SPM00008359;2022-03-15;225;;0;;
SPM00008359;2022-03-16;;;0;;
SPM00008359;2022-03-17;158;129;81;;
SPM00008359;2022-03-18;167;117;117;;
SPM00008359;2022-03-19;170;;3;;
SPM00008359;2022-03-20;175;;0;;
SPM00008359;2022-03-21;160;;0;;
SPM00008359;2022-03-22;134;;145;;
SPM00008359;2022-03-23;;115;46;;
SPM00008359;2022-03-24;174;124;198;;
SPM00008359;2022-03-25;157;136;5;;
SPM00008359;2022-03-26;165;;0;;
SPM00008359;2022-03-27;190;;48;;
SPM00008359;2022-03-28;175;85;0;;
SPM00008359;2022-03-29;;103;0;;
SPM00008359;2022-03-30;159;;0;;
SPM00008359;2022-03-31;;98;191;;
SPM00008359;2022-04-01;195;;0;;
SPM00008359;2022-04-02;185;66;0;;
SPM00008359;2022-04-03;139;;;;
SPM00008359;2022-04-04;117;94;0;;
SPM00008359;2022-04-05;115;;15;;
SPM00008359;2022-04-06;;72;226;;
SPM00008359;2022-04-07;;101;0;;
SPM00008359;2022-04-08;;122;;;
SPM00008359;2022-04-11;;102;;;
SPM00008359;2022-04-13;;127;274;;
SPM00008359;2022-04-14;;135;56;;
SPM00008359;2022-04-15;;151;0;;
SPM00008359;2022-04-16;264;127;;;
SPM00008359;2022-04-17;254;134;0;;
SPM00008359;2022-04-18;240;137;0;;
SPM00008359;2022-04-19;228;142;0;;
SPM00008359;2022-04-20;174;;0;;
SPM00008359;2022-04-21;229;106;175;;
SPM00008359;2022-04-22;193;105;0;;
SPM00008359;2022-04-23;222;115;3;;
SPM00008359;2022-04-24;242;115;0;;
SPM00008359;2022-04-25;212;104;0;;
SPM00008359;2022-04-26;210;108;0;;
SPM00008359;2022-04-27;190;133;0;;
SPM00008359;2022-04-28;151;134;15;;
SPM00008359;2022-04-29;227;104;81;;
SPM00008359;2022-04-30;252;121;3;;
SPM00008359;2022-05-01;232;141;0;;
SPM00008359;2022-05-02;218;152;0;;
SPM00008359;2022-05-03;225;127;0;;
SPM00008359;2022-05-04;164;138;3;;
SPM00008359;2022-05-05;231;148;277;;
SPM00008359;2022-05-06;;118;0;;
SPM00008359;2022-05-07;233;;;;
SPM00008359;2022-05-08;244;123;0;;
SPM00008359;2022-05-09;251;126;0;;
SPM00008359;2022-05-10;241;126;0;;
SPM00008359;2022-05-11;250;131;0;;
SPM00008359;2022-05-12;253;126;0;;
SPM00008359;2022-05-13;239;150;0;;
SPM00008359;2022-05-14;267;148;0;;
SPM00008359;2022-05-15;268;146;0;;
SPM00008359;2022-05-16;274;163;0;;
SPM00008359;2022-05-17;265;;;;
SPM00008359;2022-05-18;276;183;0;;
SPM00008359;2022-05-19;;174;0;;
SPM00008359;2022-05-20;305;;0;;
SPM00008359;2022-05-21;;;0;;
SPM00008359;2022-05-22;290;174;0;;
SPM00008359;2022-05-23;344;194;0;;
SPM00008359;2022-05-24;258;197;0;;
SPM00008359;2022-05-25;238;162;0;;
SPM00008359;2022-05-26;262;139;0;;
SPM00008359;2022-05-27;284;155;0;;
SPM00008359;2022-05-28;297;162;0;;
SPM00008359;2022-05-29;360;186;0;;
SPM00008359;2022-05-30;324;181;0;;
SPM00008359;2022-05-31;268;192;0;;
SPM00008359;2022-06-01;267;181;0;;
SPM00008359;2022-06-02;263;175;0;;
SPM00008359;2022-06-03;279;207;0;;
SPM00008359;2022-06-04;282;175;0;;
SPM00008359;2022-06-05;324;185;0;;
SPM00008359;2022-06-06;288;187;0;;
SPM00008359;2022-06-07;291;196;0;;
SPM00008359;2022-06-08;316;185;0;;
SPM00008359;2022-06-09;292;218;0;;
SPM00008359;2022-06-10;279;;;;
SPM00008359;2022-06-11;295;187;0;;
SPM00008359;2022-06-12;315;180;0;;
SPM00008359;2022-06-13;306;197;0;;
SPM00008359;2022-06-14;336;194;0;;
SPM00008359;2022-06-15;347;230;0;;
SPM00008359;2022-06-16;353;224;0;;
SPM00008359;2022-06-17;369;219;0;;
SPM00008359;2022-06-18;357;209;0;;
SPM00008359;2022-06-19;304;219;0;;
SPM00008359;2022-06-20;303;219;0;;
SPM00008359;2022-06-21;313;;0;;
SPM00008359;2022-06-22;299;212;94;;
SPM00008359;2022-06-23;316;183;0;;
SPM00008359;2022-06-24;330;189;0;;
SPM00008359;2022-06-25;294;180;0;;
SPM00008359;2022-06-26;280;184;0;;
SPM00008359;2022-06-27;280;197;0;;
SPM00008359;2022-06-28;286;199;0;;
SPM00008359;2022-06-29;318;191;0;;
SPM00008359;2022-06-30;283;195;0;;
SPM00008359;2022-07-01;299;212;0;;
SPM00008359;2022-07-02;308;209;0;;
SPM00008359;2022-07-03;322;224;0;;
SPM00008359;2022-07-04;314;236;0;;
SPM00008359;2022-07-05;;240;0;;
SPM00008359;2022-07-06;301;245;0;;
SPM00008359;2022-07-07;305;221;0;;
SPM00008359;2022-07-08;309;202;0;;
SPM00008359;2022-07-09;317;211;0;;
SPM00008359;2022-07-10;316;206;0;;
SPM00008359;2022-07-11;342;204;0;;
SPM00008359;2022-07-12;339;208;0;;
SPM00008359;2022-07-13;348;217;0;;
SPM00008359;2022-07-14;340;;;;
SPM00008359;2022-07-15;343;204;0;;
SPM00008359;2022-07-16;;213;;;
SPM00008359;2022-07-17;338;213;;;
SPM00008359;2022-07-18;339;212;0;;
SPM00008359;2022-07-19;;213;;;
SPM00008359;2022-07-20;319;215;;;
SPM00008359;2022-07-21;343;220;0;;
SPM00008359;2022-07-22;331;215;;;
SPM00008359;2022-07-23;333;217;0;;
SPM00008359;2022-07-24;344;217;0;;
SPM00008359;2022-07-25;388;228;0;;
SPM00008359;2022-07-26;331;261;0;;
SPM00008359;2022-07-27;320;264;0;;
SPM00008359;2022-07-28;321;244;0;;
SPM00008359;2022-07-29;325;262;0;;
SPM00008359;2022-08-01;328;;;;
SPM00008359;2022-08-02;348;232;0;;
SPM00008359;2022-08-03;354;222;0;;
SPM00008359;2022-08-04;348;229;0;;
SPM00008359;2022-08-05;337;226;0;;
SPM00008359;2022-08-06;343;214;0;;
SPM00008359;2022-08-07;332;217;0;;
SPM00008359;2022-08-08;334;217;0;;
SPM00008359;2022-08-09;;223;0;;
SPM00008359;2022-08-10;;241;0;;
SPM00008359;2022-08-11;339;225;0;;
SPM00008359;2022-08-12;350;216;0;;
SPM00008359;2022-08-13;420;274;0;;
SPM00008359;2022-08-14;382;250;0;;
SPM00008359;2022-08-15;334;248;0;;
SPM00008359;2022-08-16;327;218;0;;
SPM00008359;2022-08-17;322;225;0;;
SPM00008359;2022-08-18;309;227;0;;
SPM00008359;2022-08-19;309;214;0;;
SPM00008359;2022-08-20;310;210;0;;
SPM00008359;2022-08-21;326;208;0;;
SPM00008359;2022-08-22;315;233;0;;
SPM00008359;2022-08-23;313;229;0;;
SPM00008359;2022-08-24;331;222;0;;
SPM00008359;2022-08-25;;240;0;;
SPM00008359;2022-09-02;363;;;;
SPM00008359;2022-09-03;319;222;0;;
SPM00008359;2022-09-04;307;206;0;;
SPM00008359;2022-09-05;313;224;0;;
SPM00008359;2022-09-06;323;210;0;;
SPM00008359;2022-09-07;328;201;0;;
SPM00008359;2022-09-08;332;202;0;;
SPM00008359;2022-09-09;320;208;0;;
SPM00008359;2022-09-10;;209;0;;
SPM00008359;2022-09-11;312;193;0;;
SPM00008359;2022-09-12;322;212;0;;
SPM00008359;2022-09-13;293;259;3;;
SPM00008359;2022-09-14;307;;0;;
SPM00008359;2022-09-15;319;197;0;;
SPM00008359;2022-09-16;312;212;0;;
SPM00008359;2022-09-17;;201;;;
SPM00008359;2022-09-18;281;220;79;;
SPM00008359;2022-09-19;282;200;0;;
SPM00008359;2022-09-20;;187;0;;
SPM00008359;2022-09-21;;209;;;
SPM00008359;2022-09-22;;203;;;
SPM00008359;2022-09-23;;185;5;;
SPM00008359;2022-09-24;;184;0;;
SPM00008359;2022-09-25;;207;33;;
SPM00008359;2022-09-26;;;10;;
SPM00008359;2022-09-27;;153;15;;
SPM00008359;2022-09-28;;177;0;;
SPM00008359;2022-09-30;;;13;;
SPM00008359;2022-10-01;;138;0;;
SPM00008359;2022-10-02;;137;;;
SPM00008359;2022-10-03;;184;;;
SPM00008359;2022-10-04;;190;;;
SPM00008359;2022-10-05;273;175;;;
SPM00008359;2022-10-06;266;;0;;
SPM00008359;2022-10-07;271;163;0;;
SPM00008359;2022-10-08;265;166;0;;
SPM00008359;2022-10-11;263;;;;
SPM00008359;2022-10-12;267;162;0;;
SPM00008359;2022-10-13;260;152;0;;
SPM00008359;2022-10-14;303;158;0;;
SPM00008359;2022-10-15;289;155;0;;
SPM00008359;2022-10-16;292;158;0;;
SPM00008359;2022-10-17;277;172;0;;
SPM00008359;2022-10-18;281;176;0;;
SPM00008359;2022-10-19;267;177;0;;
SPM00008359;2022-10-20;280;188;0;;
SPM00008359;2022-10-21;255;191;0;;
SPM00008359;2022-10-22;253;190;0;;
SPM00008359;2022-10-23;284;161;0;;
SPM00008359;2022-10-24;273;;;;
SPM00008359;2022-10-25;290;151;0;;
SPM00008359;2022-10-26;309;163;0;;
SPM00008359;2022-10-27;271;142;0;;
SPM00008359;2022-10-28;267;;0;;
SPM00008359;2022-10-29;255;;;;
SPM00008359;2022-10-30;248;144;0;;
SPM00008359;2022-10-31;243;151;0;;
SPM00008359;2022-11-01;265;;0;;
SPM00008359;2022-11-02;256;146;0;;
SPM00008359;2022-11-03;251;;0;;
SPM00008359;2022-11-04;;180;0;;
SPM00008359;2022-11-07;239;;;;
SPM00008359;2022-11-08;251;113;0;;
SPM00008359;2022-11-09;272;127;0;;
SPM00008359;2022-11-10;231;132;0;;
SPM00008359;2022-11-11;200;134;0;;
SPM00008359;2022-11-12;232;;142;;
SPM00008359;2022-11-13;232;128;0;;
SPM00008359;2022-11-14;244;;0;;
SPM00008359;2022-11-15;;;0;;
SPM00008359;2022-11-18;190;;0;;
SPM00008359;2022-11-19;185;;5;;
SPM00008359;2022-11-20;220;;0;;
SPM00008359;2022-11-21;220;;0;;
SPM00008359;2022-11-22;191;;18;;
SPM00008359;2022-11-23;260;148;0;;
SPM00008359;2022-11-24;236;;0;;
SPM00008359;2022-11-25;236;128;0;;
SPM00008359;2022-11-26;204;80;0;;
SPM00008359;2022-11-27;196;58;0;;
SPM00008359;2022-11-28;200;80;0;;
SPM00008359;2022-11-29;201;;0;;
SPM00008359;2022-11-30;187;79;0;;
SPM00008359;2022-12-01;165;92;0;;
SPM00008359;2022-12-02;161;;5;;
SPM00008359;2022-12-03;173;;10;;
SPM00008359;2022-12-04;186;;3;;
SPM00008359;2022-12-05;199;;0;;
SPM00008359;2022-12-06;188;123;3;;
SPM00008359;2022-12-07;195;;5;;
SPM00008359;2022-12-08;177;;0;;
SPM00008359;2022-12-09;176;;0;;
SPM00008359;2022-12-10;216;124;0;;
SPM00008359;2022-12-11;153;;10;;
SPM00008359;2022-12-12;215;114;61;;
SPM00008359;2022-12-13;210;132;0;;
SPM00008359;2022-12-14;217;140;0;;
SPM00008359;2022-12-15;189;;23;;
SPM00008359;2022-12-16;180;;0;;
SPM00008359;2022-12-17;193;85;0;;
SPM00008359;2022-12-18;187;;89;;
SPM00008359;2022-12-19;184;;0;;
SPM00008359;2022-12-20;;76;0;;
SPM00008359;2022-12-21;215;;;;
SPM00008359;2022-12-22;233;135;0;;
SPM00008359;2022-12-23;242;;0;;
SPM00008359;2022-12-24;234;;0;;
SPM00008359;2022-12-25;212;;0;;
SPM00008359;2022-12-26;215;;0;;
SPM00008359;2022-12-27;200;;0;;
SPM00008359;2022-12-28;193;61;0;;
SPM00008359;2022-12-29;219;66;0;;
SPM00008359;2022-12-30;240;103;0;;
SPM00008359;2022-12-31;213;;0;;
SPM00008359;2023-01-01;206;;0;;
SPM00008359;2023-01-02;189;;0;;
SPM00008359;2023-01-03;196;82;0;;
SPM00008359;2023-01-04;175;;0;;
SPM00008359;2023-01-05;170;;0;;
SPM00008359;2023-01-06;182;;0;;
SPM00008359;2023-01-07;203;50;0;;
SPM00008359;2023-01-08;173;87;0;;
SPM00008359;2023-01-09;225;115;0;;
SPM00008359;2023-01-10;231;97;0;;
SPM00008359;2023-01-11;213;105;0;;
SPM00008359;2023-01-12;180;;0;;
SPM00008359;2023-01-13;193;72;0;;
SPM00008359;2023-01-14;191;;0;;
SPM00008359;2023-01-16;193;;;;
SPM00008359;2023-01-17;223;131;0;;
SPM00008359;2023-01-18;141;;0;;
SPM00008359;2023-01-19;156;69;0;;
SPM00008359;2023-01-20;209;;0;;
SPM00008359;2023-01-21;141;57;0;;
SPM00008359;2023-01-22;134;;0;;
SPM00008359;2023-01-23;127;17;0;;
SPM00008359;2023-01-24;125;12;0;;
SPM00008359;2023-01-25;131;47;0;;
SPM00008359;2023-01-26;139;;0;;
SPM00008359;2023-01-27;143;24;0;;
SPM00008359;2023-01-28;141;23;0;;
SPM00008359;2023-01-29;128;29;0;;
SPM00008359;2023-01-30;132;;5;;
SPM00008359;2023-01-31;155;;0;;
SPM00008359;2023-02-01;151;15;0;;
SPM00008359;2023-02-02;156;;0;;
SPM00008359;2023-02-03;159;18;0;;
SPM00008359;2023-02-04;204;32;0;;
SPM00008359;2023-02-05;170;31;0;;
SPM00008359;2023-02-06;152;51;0;;
SPM00008359;2023-02-07;144;56;0;;
SPM00008359;2023-02-08;164;82;0;;
SPM00008359;2023-02-09;147;;8;;
SPM00008359;2023-02-10;136;40;3;;
SPM00008359;2023-02-11;126;72;0;;
SPM00008359;2023-02-12;138;56;23;;
SPM00008359;2023-02-13;143;48;0;;
SPM00008359;2023-02-14;144;;0;;
SPM00008359;2023-02-15;153;;0;;
SPM00008359;2023-02-16;175;66;0;;
SPM00008359;2023-02-17;157;;0;;
SPM00008359;2023-02-18;150;;0;;
SPM00008359;2023-02-19;176;72;0;;
SPM00008359;2023-02-20;186;54;0;;
SPM00008359;2023-02-21;200;75;0;;
SPM00008359;2023-02-22;220;;5;;
SPM00008359;2023-02-23;175;95;0;;
SPM00008359;2023-02-24;145;;0;;
SPM00008359;2023-02-25;179;43;0;;
SPM00008359;2023-02-26;;71;0;;
SPM00008359;2023-03-07;243;;;;
SPM00008359;2023-03-08;261;;0;;
SPM00008359;2023-03-09;241;164;0;;
SPM00008359;2023-03-10;262;;0;;
SPM00008359;2023-03-11;296;;0;;
SPM00008359;2023-03-12;268;;0;;
SPM00008359;2023-03-13;259;;0;;
SPM00008359;2023-03-14;256;;0;;
SPM00008359;2023-03-15;223;103;0;;
SPM00008359;2023-03-16;215;85;0;;
SPM00008359;2023-03-17;201;85;0;;
SPM00008359;2023-03-18;209;107;0;;
SPM00008359;2023-03-19;206;98;8;;
SPM00008359;2023-03-20;203;81;0;;
SPM00008359;2023-03-21;;81;0;;
SPM00008359;2023-03-22;199;85;0;;
SPM00008359;2023-03-23;221;87;0;;
SPM00008359;2023-03-24;292;103;0;;
SPM00008359;2023-03-25;262;;0;;
SPM00008359;2023-03-26;308;141;0;;
SPM00008359;2023-03-27;223;;0;;
SPM00008359;2023-03-28;198;95;0;;
SPM00008359;2023-03-29;209;94;0;;
SPM00008359;2023-03-30;285;99;0;;
SPM00008359;2023-03-31;316;182;0;;
SPM00008359;2023-04-01;232;;0;;
SPM00008359;2023-04-02;232;136;0;;
SPM00008359;2023-04-03;;107;0;;
SPM00008359;2023-04-05;198;;;;
SPM00008359;2023-04-06;198;76;0;;
SPM00008359;2023-04-07;218;71;0;;
SPM00008359;2023-04-08;;88;0;;
